checkout_id,customer_id,vehicle_id,checkout_date,brand,model,location,checkout_stage,checkout_status,channel
CHK-00001,CUS-00869,VEH-00712,2025-01-05,Kia,Seltos,Mumbai,Payment,Payment,Walk-in
CHK-00002,CUS-01279,VEH-00520,2025-01-09,Hyundai,Venue,Bengaluru,Started,Abandoned,Website
CHK-00003,CUS-00008,VEH-00596,2025-01-09,MG,Hector,Mumbai,Completed,Completed,Walk-in
CHK-00004,CUS-00002,VEH-00712,2025-01-10,Kia,Seltos,Mumbai,Completed,Completed,Call Center
CHK-00005,CUS-00007,VEH-00323,2025-01-11,Mahindra,Scorpio-N,Delhi,Completed,Completed,Walk-in
CHK-00006,CUS-00003,VEH-00663,2025-01-15,Maruti Suzuki,Baleno,Chennai,Completed,Completed,Walk-in
CHK-00007,CUS-00824,VEH-00663,2025-01-16,Maruti Suzuki,Baleno,Chennai,Started,Abandoned,Website
CHK-00008,CUS-01151,VEH-00712,2025-01-16,Kia,Seltos,Mumbai,Started,Abandoned,Website
CHK-00009,CUS-00031,VEH-00059,2025-01-18,Hyundai,Creta,Chennai,Completed,Completed,Call Center
CHK-00010,CUS-00001,VEH-00497,2025-01-20,Maruti Suzuki,Swift,Delhi,Completed,Completed,Call Center
CHK-00011,CUS-01221,VEH-00595,2025-01-22,Maruti Suzuki,Baleno,Chennai,Started,Abandoned,Call Center
CHK-00012,CUS-01009,VEH-00903,2025-01-22,Mahindra,Thar,Gurgaon,Started,Started,Website
CHK-00013,CUS-01071,VEH-00903,2025-01-23,Mahindra,Thar,Gurgaon,Payment,Abandoned,Call Center
CHK-00014,CUS-00040,VEH-00989,2025-01-23,Tata,Nexon,Bengaluru,Completed,Completed,Walk-in
CHK-00015,CUS-00011,VEH-00737,2025-01-24,Mahindra,XUV700,Gurgaon,Completed,Completed,Call Center
CHK-00016,CUS-00069,VEH-00210,2025-01-25,Skoda,Kushaq,Hyderabad,Completed,Completed,Walk-in
CHK-00017,CUS-00006,VEH-00099,2025-01-27,Hyundai,Venue,Mumbai,Completed,Completed,Mobile App
CHK-00018,CUS-00005,VEH-00435,2025-01-28,Maruti Suzuki,Baleno,Bengaluru,Completed,Completed,Mobile App
CHK-00019,CUS-00010,VEH-00486,2025-02-01,Maruti Suzuki,Swift,Ahmedabad,Completed,Completed,Walk-in
CHK-00020,CUS-01375,VEH-00618,2025-02-01,Tata,Tiago,Chennai,Started,Abandoned,Website
CHK-00021,CUS-00042,VEH-00781,2025-02-01,Maruti Suzuki,Swift,Mumbai,Completed,Completed,Mobile App
CHK-00022,CUS-01026,VEH-00030,2025-02-03,Mahindra,Scorpio-N,Delhi,Started,Started,Website
CHK-00023,CUS-01389,VEH-00989,2025-02-03,Tata,Nexon,Bengaluru,Payment,Abandoned,Website
CHK-00024,CUS-00821,VEH-00113,2025-02-04,Tata,Nexon,Mumbai,Payment,Abandoned,Mobile App
CHK-00025,CUS-00975,VEH-00486,2025-02-05,Maruti Suzuki,Swift,Ahmedabad,Started,Abandoned,Mobile App
CHK-00026,CUS-00018,VEH-00121,2025-02-06,Mahindra,XUV700,Gurgaon,Completed,Completed,Walk-in
CHK-00027,CUS-00075,VEH-00595,2025-02-06,Maruti Suzuki,Baleno,Chennai,Completed,Completed,Website
CHK-00028,CUS-00941,VEH-00781,2025-02-08,Maruti Suzuki,Swift,Mumbai,Started,Started,Website
CHK-00029,CUS-01066,VEH-00349,2025-02-09,Hyundai,Creta,Ahmedabad,Payment,Payment,Mobile App
CHK-00030,CUS-00014,VEH-00174,2025-02-11,Skoda,Kushaq,Bengaluru,Completed,Completed,Mobile App
CHK-00031,CUS-00004,VEH-00030,2025-02-12,Mahindra,Scorpio-N,Delhi,Completed,Completed,Mobile App
CHK-00032,CUS-00038,VEH-00113,2025-02-12,Tata,Nexon,Mumbai,Completed,Completed,Walk-in
CHK-00033,CUS-00060,VEH-00111,2025-02-14,Toyota,Innova Hycross,Hyderabad,Completed,Completed,Website
CHK-00034,CUS-00017,VEH-00520,2025-02-14,Hyundai,Venue,Bengaluru,Completed,Completed,Walk-in
CHK-00035,CUS-01058,VEH-00864,2025-02-14,Hyundai,Creta,Chennai,Started,Abandoned,Call Center
CHK-00036,CUS-01434,VEH-00349,2025-02-15,Hyundai,Creta,Ahmedabad,Started,Abandoned,Mobile App
CHK-00037,CUS-00078,VEH-00695,2025-02-15,Volkswagen,Virtus,Bengaluru,Completed,Completed,Call Center
CHK-00038,CUS-00937,VEH-00291,2025-02-16,Tata,Nexon,Delhi,Payment,Abandoned,Website
CHK-00039,CUS-00969,VEH-00427,2025-02-17,Tata,Nexon,Gurgaon,Started,Started,Mobile App
CHK-00040,CUS-01242,VEH-00737,2025-02-18,Mahindra,XUV700,Gurgaon,Payment,Abandoned,Mobile App
CHK-00041,CUS-00927,VEH-00723,2025-02-20,Maruti Suzuki,Ertiga,Bengaluru,Payment,Payment,Website
CHK-00042,CUS-00801,VEH-00486,2025-02-21,Maruti Suzuki,Swift,Ahmedabad,Started,Started,Call Center
CHK-00043,CUS-00013,VEH-00291,2025-02-22,Tata,Nexon,Delhi,Completed,Completed,Walk-in
CHK-00044,CUS-00068,VEH-00350,2025-02-23,Kia,Seltos,Hyderabad,Completed,Completed,Website
CHK-00045,CUS-00856,VEH-00486,2025-02-24,Maruti Suzuki,Swift,Ahmedabad,Payment,Payment,Mobile App
CHK-00046,CUS-00883,VEH-00602,2025-02-24,Maruti Suzuki,Swift,Hyderabad,Started,Abandoned,Mobile App
CHK-00047,CUS-00032,VEH-00723,2025-02-24,Maruti Suzuki,Ertiga,Bengaluru,Completed,Completed,Walk-in
CHK-00048,CUS-00878,VEH-00762,2025-02-24,Tata,Tiago,Chennai,Payment,Payment,Website
CHK-00049,CUS-00836,VEH-00043,2025-02-26,Hyundai,Creta,Bengaluru,Started,Started,Mobile App
CHK-00050,CUS-01358,VEH-00110,2025-02-26,Kia,Seltos,Bengaluru,Started,Started,Walk-in
CHK-00051,CUS-01301,VEH-00803,2025-02-26,Tata,Nexon,Pune,Started,Abandoned,Mobile App
CHK-00052,CUS-00012,VEH-00043,2025-02-27,Hyundai,Creta,Bengaluru,Completed,Completed,Walk-in
CHK-00053,CUS-01364,VEH-00043,2025-02-28,Hyundai,Creta,Bengaluru,Started,Abandoned,Website
CHK-00054,CUS-00877,VEH-00110,2025-02-28,Kia,Seltos,Bengaluru,Payment,Payment,Website
CHK-00055,CUS-01105,VEH-00595,2025-02-28,Maruti Suzuki,Baleno,Chennai,Started,Abandoned,Mobile App
CHK-00056,CUS-01117,VEH-00695,2025-02-28,Volkswagen,Virtus,Bengaluru,Started,Started,Mobile App
CHK-00057,CUS-01338,VEH-00111,2025-03-01,Toyota,Innova Hycross,Hyderabad,Payment,Payment,Mobile App
CHK-00058,CUS-01176,VEH-00266,2025-03-01,Toyota,Innova Hycross,Mumbai,Started,Started,Website
CHK-00059,CUS-00009,VEH-00694,2025-03-01,Mahindra,XUV700,Bengaluru,Completed,Completed,Website
CHK-00060,CUS-00913,VEH-00043,2025-03-02,Hyundai,Creta,Bengaluru,Started,Started,Walk-in
CHK-00061,CUS-00992,VEH-00043,2025-03-02,Hyundai,Creta,Bengaluru,Started,Abandoned,Walk-in
CHK-00062,CUS-00073,VEH-00493,2025-03-02,Kia,Seltos,Pune,Completed,Completed,Walk-in
CHK-00063,CUS-00028,VEH-00037,2025-03-03,Maruti Suzuki,Baleno,Mumbai,Completed,Completed,Website
CHK-00064,CUS-00972,VEH-00315,2025-03-03,Mahindra,Thar,Mumbai,Started,Abandoned,Mobile App
CHK-00065,CUS-01149,VEH-00486,2025-03-03,Maruti Suzuki,Swift,Ahmedabad,Started,Abandoned,Website
CHK-00066,CUS-01052,VEH-00513,2025-03-03,Mahindra,XUV700,Delhi,Started,Abandoned,Mobile App
CHK-00067,CUS-00076,VEH-00315,2025-03-04,Mahindra,Thar,Mumbai,Completed,Completed,Website
CHK-00068,CUS-00979,VEH-00520,2025-03-04,Hyundai,Venue,Bengaluru,Payment,Abandoned,Mobile App
CHK-00069,CUS-00763,VEH-00678,2025-03-05,Maruti Suzuki,Swift,Ahmedabad,Payment,Abandoned,Call Center
CHK-00070,CUS-01334,VEH-00903,2025-03-05,Mahindra,Thar,Gurgaon,Payment,Payment,Walk-in
CHK-00071,CUS-01037,VEH-00109,2025-03-06,Hyundai,Venue,Delhi,Payment,Payment,Website
CHK-00072,CUS-01075,VEH-00291,2025-03-06,Tata,Nexon,Delhi,Payment,Abandoned,Mobile App
CHK-00073,CUS-00946,VEH-00700,2025-03-06,Hyundai,Creta,Pune,Payment,Payment,Call Center
CHK-00074,CUS-00915,VEH-00109,2025-03-07,Hyundai,Venue,Delhi,Payment,Abandoned,Walk-in
CHK-00075,CUS-00833,VEH-00291,2025-03-07,Tata,Nexon,Delhi,Started,Abandoned,Walk-in
CHK-00076,CUS-01337,VEH-00291,2025-03-08,Tata,Nexon,Delhi,Payment,Payment,Mobile App
CHK-00077,CUS-00070,VEH-00602,2025-03-08,Maruti Suzuki,Swift,Hyderabad,Completed,Completed,Website
CHK-00078,CUS-01055,VEH-00113,2025-03-09,Tata,Nexon,Mumbai,Payment,Abandoned,Website
CHK-00079,CUS-00015,VEH-00678,2025-03-10,Maruti Suzuki,Swift,Ahmedabad,Completed,Completed,Mobile App
CHK-00080,CUS-00016,VEH-00109,2025-03-11,Hyundai,Venue,Delhi,Completed,Completed,Mobile App
CHK-00081,CUS-01213,VEH-00234,2025-03-11,Maruti Suzuki,Ertiga,Hyderabad,Started,Abandoned,Website
CHK-00082,CUS-00940,VEH-00903,2025-03-13,Mahindra,Thar,Gurgaon,Started,Abandoned,Website
CHK-00083,CUS-00084,VEH-00266,2025-03-15,Toyota,Innova Hycross,Mumbai,Completed,Completed,Mobile App
CHK-00084,CUS-01077,VEH-00520,2025-03-15,Hyundai,Venue,Bengaluru,Started,Abandoned,Walk-in
CHK-00085,CUS-01092,VEH-00520,2025-03-15,Hyundai,Venue,Bengaluru,Payment,Payment,Walk-in
CHK-00086,CUS-01154,VEH-00669,2025-03-15,Hyundai,i20,Chennai,Payment,Abandoned,Mobile App
CHK-00087,CUS-00797,VEH-00699,2025-03-15,Hyundai,i20,Mumbai,Payment,Abandoned,Walk-in
CHK-00088,CUS-01166,VEH-00513,2025-03-16,Mahindra,XUV700,Delhi,Started,Abandoned,Mobile App
CHK-00089,CUS-00783,VEH-00695,2025-03-16,Volkswagen,Virtus,Bengaluru,Started,Abandoned,Website
CHK-00090,CUS-00030,VEH-00814,2025-03-16,Tata,Nexon,Ahmedabad,Completed,Completed,Walk-in
CHK-00091,CUS-00043,VEH-00864,2025-03-16,Hyundai,Creta,Chennai,Completed,Completed,Walk-in
CHK-00092,CUS-00048,VEH-00957,2025-03-16,Tata,Nexon,Hyderabad,Completed,Completed,Walk-in
CHK-00093,CUS-00087,VEH-00054,2025-03-17,Volkswagen,Virtus,Pune,Completed,Completed,Walk-in
CHK-00094,CUS-00996,VEH-00232,2025-03-17,Hyundai,Creta,Gurgaon,Started,Abandoned,Mobile App
CHK-00095,CUS-00066,VEH-00891,2025-03-17,Maruti Suzuki,Baleno,Hyderabad,Completed,Completed,Website
CHK-00096,CUS-00033,VEH-00974,2025-03-17,Kia,Seltos,Delhi,Completed,Completed,Website
CHK-00097,CUS-00020,VEH-00038,2025-03-18,Tata,Nexon,Hyderabad,Completed,Completed,Walk-in
CHK-00098,CUS-00047,VEH-00183,2025-03-18,Honda,City,Delhi,Completed,Completed,Call Center
CHK-00099,CUS-01278,VEH-00606,2025-03-18,Mahindra,Thar,Ahmedabad,Payment,Abandoned,Call Center
CHK-00100,CUS-01406,VEH-00606,2025-03-18,Mahindra,Thar,Ahmedabad,Payment,Abandoned,Mobile App
CHK-00101,CUS-00834,VEH-00630,2025-03-18,Hyundai,Creta,Delhi,Started,Started,Website
CHK-00102,CUS-01460,VEH-00903,2025-03-18,Mahindra,Thar,Gurgaon,Started,Started,Website
CHK-00103,CUS-00908,VEH-00349,2025-03-19,Hyundai,Creta,Ahmedabad,Started,Abandoned,Call Center
CHK-00104,CUS-01446,VEH-00814,2025-03-19,Tata,Nexon,Ahmedabad,Started,Abandoned,Website
CHK-00105,CUS-00951,VEH-00183,2025-03-21,Honda,City,Delhi,Payment,Abandoned,Mobile App
CHK-00106,CUS-01191,VEH-00427,2025-03-21,Tata,Nexon,Gurgaon,Payment,Payment,Website
CHK-00107,CUS-00021,VEH-00452,2025-03-21,Hyundai,i20,Chennai,Completed,Completed,Walk-in
CHK-00108,CUS-01335,VEH-00527,2025-03-21,Hyundai,Creta,Mumbai,Payment,Abandoned,Mobile App
CHK-00109,CUS-01227,VEH-00814,2025-03-21,Tata,Nexon,Ahmedabad,Payment,Payment,Walk-in
CHK-00110,CUS-01118,VEH-00232,2025-03-22,Hyundai,Creta,Gurgaon,Payment,Payment,Website
CHK-00111,CUS-00019,VEH-00903,2025-03-22,Mahindra,Thar,Gurgaon,Completed,Completed,Call Center
CHK-00112,CUS-00023,VEH-00851,2025-03-23,Tata,Nexon,Pune,Completed,Completed,Website
CHK-00113,CUS-00902,VEH-00061,2025-03-24,Tata,Nexon,Mumbai,Started,Abandoned,Website
CHK-00114,CUS-00796,VEH-00349,2025-03-24,Hyundai,Creta,Ahmedabad,Payment,Abandoned,Mobile App
CHK-00115,CUS-01300,VEH-00615,2025-03-24,Maruti Suzuki,Baleno,Delhi,Payment,Abandoned,Mobile App
CHK-00116,CUS-00991,VEH-00726,2025-03-24,Mahindra,Thar,Mumbai,Started,Started,Website
CHK-00117,CUS-00919,VEH-00851,2025-03-25,Tata,Nexon,Pune,Started,Abandoned,Website
CHK-00118,CUS-00067,VEH-00061,2025-03-26,Tata,Nexon,Mumbai,Completed,Completed,Walk-in
CHK-00119,CUS-00022,VEH-00416,2025-03-26,Hyundai,Creta,Bengaluru,Completed,Completed,Website
CHK-00120,CUS-00889,VEH-00431,2025-03-26,Mahindra,XUV700,Hyderabad,Started,Abandoned,Website
CHK-00121,CUS-01137,VEH-00527,2025-03-26,Hyundai,Creta,Mumbai,Started,Started,Walk-in
CHK-00122,CUS-01172,VEH-00061,2025-03-27,Tata,Nexon,Mumbai,Payment,Abandoned,Website
CHK-00123,CUS-00799,VEH-00513,2025-03-27,Mahindra,XUV700,Delhi,Payment,Abandoned,Walk-in
CHK-00124,CUS-00036,VEH-00232,2025-03-28,Hyundai,Creta,Gurgaon,Completed,Completed,Mobile App
CHK-00125,CUS-01311,VEH-00349,2025-03-28,Hyundai,Creta,Ahmedabad,Payment,Payment,Walk-in
CHK-00126,CUS-01060,VEH-00427,2025-03-28,Tata,Nexon,Gurgaon,Payment,Abandoned,Mobile App
CHK-00127,CUS-01318,VEH-00210,2025-03-29,Skoda,Kushaq,Hyderabad,Payment,Payment,Website
CHK-00128,CUS-00064,VEH-00591,2025-03-29,Skoda,Kushaq,Hyderabad,Completed,Completed,Website
CHK-00129,CUS-01156,VEH-00803,2025-03-29,Tata,Nexon,Pune,Started,Abandoned,Website
CHK-00130,CUS-01109,VEH-00851,2025-03-29,Tata,Nexon,Pune,Payment,Abandoned,Website
CHK-00131,CUS-00871,VEH-00416,2025-03-30,Hyundai,Creta,Bengaluru,Started,Started,Website
CHK-00132,CUS-01231,VEH-00416,2025-03-30,Hyundai,Creta,Bengaluru,Started,Started,Mobile App
CHK-00133,CUS-00867,VEH-00726,2025-03-30,Mahindra,Thar,Mumbai,Payment,Abandoned,Website
CHK-00134,CUS-00844,VEH-00113,2025-03-31,Tata,Nexon,Mumbai,Started,Started,Website
CHK-00135,CUS-00024,VEH-00513,2025-03-31,Mahindra,XUV700,Delhi,Completed,Completed,Mobile App
CHK-00136,CUS-00029,VEH-00615,2025-03-31,Maruti Suzuki,Baleno,Delhi,Completed,Completed,Call Center
CHK-00137,CUS-00890,VEH-00723,2025-03-31,Maruti Suzuki,Ertiga,Bengaluru,Payment,Payment,Walk-in
CHK-00138,CUS-00809,VEH-00630,2025-04-01,Hyundai,Creta,Delhi,Payment,Payment,Website
CHK-00139,CUS-00857,VEH-00700,2025-04-01,Hyundai,Creta,Pune,Payment,Payment,Call Center
CHK-00140,CUS-01185,VEH-00027,2025-04-02,Maruti Suzuki,Baleno,Delhi,Started,Abandoned,Call Center
CHK-00141,CUS-01310,VEH-00527,2025-04-02,Hyundai,Creta,Mumbai,Started,Abandoned,Call Center
CHK-00142,CUS-00771,VEH-00781,2025-04-02,Maruti Suzuki,Swift,Mumbai,Started,Started,Mobile App
CHK-00143,CUS-00044,VEH-00803,2025-04-02,Tata,Nexon,Pune,Completed,Completed,Walk-in
CHK-00144,CUS-00967,VEH-00803,2025-04-02,Tata,Nexon,Pune,Started,Abandoned,Mobile App
CHK-00145,CUS-01083,VEH-00061,2025-04-03,Tata,Nexon,Mumbai,Started,Started,Website
CHK-00146,CUS-01032,VEH-00232,2025-04-04,Hyundai,Creta,Gurgaon,Started,Started,Mobile App
CHK-00147,CUS-00027,VEH-00262,2025-04-04,Maruti Suzuki,Swift,Ahmedabad,Completed,Completed,Mobile App
CHK-00148,CUS-01391,VEH-00728,2025-04-04,Hyundai,Creta,Chennai,Payment,Abandoned,Website
CHK-00149,CUS-01448,VEH-00974,2025-04-04,Kia,Seltos,Delhi,Started,Started,Walk-in
CHK-00150,CUS-01139,VEH-00233,2025-04-05,Hyundai,Creta,Gurgaon,Payment,Abandoned,Website
CHK-00151,CUS-00026,VEH-00740,2025-04-05,Hyundai,Creta,Bengaluru,Completed,Completed,Website
CHK-00152,CUS-00826,VEH-00740,2025-04-05,Hyundai,Creta,Bengaluru,Payment,Abandoned,Website
CHK-00153,CUS-00977,VEH-00740,2025-04-05,Hyundai,Creta,Bengaluru,Payment,Payment,Mobile App
CHK-00154,CUS-01074,VEH-00891,2025-04-05,Maruti Suzuki,Baleno,Hyderabad,Started,Abandoned,Website
CHK-00155,CUS-00025,VEH-00892,2025-04-05,Toyota,Innova Hycross,Mumbai,Completed,Completed,Walk-in
CHK-00156,CUS-00049,VEH-00110,2025-04-06,Kia,Seltos,Bengaluru,Completed,Completed,Website
CHK-00157,CUS-01253,VEH-00233,2025-04-06,Hyundai,Creta,Gurgaon,Payment,Abandoned,Mobile App
CHK-00158,CUS-01442,VEH-00451,2025-04-06,Mahindra,Thar,Chennai,Started,Abandoned,Website
CHK-00159,CUS-00051,VEH-00630,2025-04-06,Hyundai,Creta,Delhi,Completed,Completed,Mobile App
CHK-00160,CUS-00870,VEH-00740,2025-04-06,Hyundai,Creta,Bengaluru,Started,Abandoned,Mobile App
CHK-00161,CUS-01361,VEH-00451,2025-04-07,Mahindra,Thar,Chennai,Payment,Payment,Website
CHK-00162,CUS-01408,VEH-00740,2025-04-07,Hyundai,Creta,Bengaluru,Started,Started,Walk-in
CHK-00163,CUS-00034,VEH-00233,2025-04-08,Hyundai,Creta,Gurgaon,Completed,Completed,Call Center
CHK-00164,CUS-00906,VEH-00590,2025-04-08,Hyundai,Creta,Pune,Payment,Abandoned,Mobile App
CHK-00165,CUS-01062,VEH-00059,2025-04-09,Hyundai,Creta,Chennai,Started,Started,Website
CHK-00166,CUS-01179,VEH-00210,2025-04-09,Skoda,Kushaq,Hyderabad,Payment,Abandoned,Website
CHK-00167,CUS-00054,VEH-00427,2025-04-09,Tata,Nexon,Gurgaon,Completed,Completed,Mobile App
CHK-00168,CUS-00092,VEH-00501,2025-04-09,Mahindra,Thar,Mumbai,Completed,Completed,Mobile App
CHK-00169,CUS-00936,VEH-00728,2025-04-09,Hyundai,Creta,Chennai,Started,Abandoned,Website
CHK-00170,CUS-01257,VEH-00728,2025-04-10,Hyundai,Creta,Chennai,Payment,Abandoned,Mobile App
CHK-00171,CUS-01424,VEH-00095,2025-04-11,Hyundai,Creta,Hyderabad,Started,Started,Mobile App
CHK-00172,CUS-00894,VEH-00233,2025-04-11,Hyundai,Creta,Gurgaon,Started,Started,Mobile App
CHK-00173,CUS-01299,VEH-00781,2025-04-11,Maruti Suzuki,Swift,Mumbai,Started,Abandoned,Website
CHK-00174,CUS-00053,VEH-00138,2025-04-12,Tata,Nexon,Delhi,Completed,Completed,Mobile App
CHK-00175,CUS-00774,VEH-00315,2025-04-12,Mahindra,Thar,Mumbai,Payment,Payment,Call Center
CHK-00176,CUS-00055,VEH-00318,2025-04-12,Honda,City,Mumbai,Completed,Completed,Website
CHK-00177,CUS-01458,VEH-00233,2025-04-13,Hyundai,Creta,Gurgaon,Started,Abandoned,Website
CHK-00178,CUS-00062,VEH-00234,2025-04-13,Maruti Suzuki,Ertiga,Hyderabad,Completed,Completed,Walk-in
CHK-00179,CUS-00052,VEH-00667,2025-04-13,Maruti Suzuki,Brezza,Hyderabad,Completed,Completed,Walk-in
CHK-00180,CUS-01013,VEH-00698,2025-04-13,Hyundai,Creta,Bengaluru,Payment,Payment,Mobile App
CHK-00181,CUS-01100,VEH-00749,2025-04-13,Hyundai,Creta,Mumbai,Started,Started,Website
CHK-00182,CUS-00041,VEH-00421,2025-04-14,Maruti Suzuki,Baleno,Bengaluru,Completed,Completed,Mobile App
CHK-00183,CUS-01047,VEH-00451,2025-04-14,Mahindra,Thar,Chennai,Payment,Abandoned,Call Center
CHK-00184,CUS-01121,VEH-00527,2025-04-14,Hyundai,Creta,Mumbai,Started,Started,Mobile App
CHK-00185,CUS-00868,VEH-00957,2025-04-14,Tata,Nexon,Hyderabad,Payment,Abandoned,Call Center
CHK-00186,CUS-00035,VEH-00032,2025-04-15,Maruti Suzuki,Swift,Ahmedabad,Completed,Completed,Mobile App
CHK-00187,CUS-00063,VEH-00108,2025-04-15,Hyundai,Venue,Mumbai,Completed,Completed,Mobile App
CHK-00188,CUS-00779,VEH-00698,2025-04-15,Hyundai,Creta,Bengaluru,Payment,Abandoned,Mobile App
CHK-00189,CUS-00046,VEH-00728,2025-04-15,Hyundai,Creta,Chennai,Completed,Completed,Mobile App
CHK-00190,CUS-01084,VEH-00803,2025-04-15,Tata,Nexon,Pune,Started,Started,Website
CHK-00191,CUS-00942,VEH-00012,2025-04-16,Mahindra,Scorpio-N,Gurgaon,Payment,Abandoned,Walk-in
CHK-00192,CUS-00815,VEH-00095,2025-04-16,Hyundai,Creta,Hyderabad,Started,Started,Walk-in
CHK-00193,CUS-00925,VEH-00458,2025-04-16,Mahindra,XUV700,Mumbai,Payment,Abandoned,Website
CHK-00194,CUS-00039,VEH-00527,2025-04-16,Hyundai,Creta,Mumbai,Completed,Completed,Walk-in
CHK-00195,CUS-00037,VEH-00956,2025-04-16,Maruti Suzuki,Brezza,Gurgaon,Completed,Completed,Website
CHK-00196,CUS-01136,VEH-00210,2025-04-17,Skoda,Kushaq,Hyderabad,Payment,Payment,Website
CHK-00197,CUS-00803,VEH-00864,2025-04-18,Hyundai,Creta,Chennai,Payment,Abandoned,Website
CHK-00198,CUS-01352,VEH-00421,2025-04-19,Maruti Suzuki,Baleno,Bengaluru,Payment,Abandoned,Website
CHK-00199,CUS-01186,VEH-00590,2025-04-19,Hyundai,Creta,Pune,Started,Started,Call Center
CHK-00200,CUS-00776,VEH-00606,2025-04-19,Mahindra,Thar,Ahmedabad,Payment,Abandoned,Mobile App
CHK-00201,CUS-01142,VEH-00527,2025-04-20,Hyundai,Creta,Mumbai,Payment,Abandoned,Mobile App
CHK-00202,CUS-00045,VEH-00619,2025-04-20,Maruti Suzuki,Swift,Mumbai,Completed,Completed,Mobile App
CHK-00203,CUS-00929,VEH-00864,2025-04-20,Hyundai,Creta,Chennai,Started,Abandoned,Website
CHK-00204,CUS-01416,VEH-00183,2025-04-21,Honda,City,Delhi,Payment,Payment,Website
CHK-00205,CUS-00952,VEH-00266,2025-04-21,Toyota,Innova Hycross,Mumbai,Started,Started,Mobile App
CHK-00206,CUS-01171,VEH-00320,2025-04-21,Hyundai,Venue,Bengaluru,Started,Abandoned,Website
CHK-00207,CUS-01244,VEH-00499,2025-04-21,Mahindra,Thar,Hyderabad,Started,Abandoned,Call Center
CHK-00208,CUS-01064,VEH-00803,2025-04-21,Tata,Nexon,Pune,Payment,Abandoned,Mobile App
CHK-00209,CUS-01259,VEH-00210,2025-04-22,Skoda,Kushaq,Hyderabad,Payment,Payment,Website
CHK-00210,CUS-00990,VEH-00499,2025-04-22,Mahindra,Thar,Hyderabad,Started,Started,Website
CHK-00211,CUS-01423,VEH-00067,2025-04-23,Tata,Nexon,Mumbai,Started,Started,Website
CHK-00212,CUS-00101,VEH-00130,2025-04-23,Maruti Suzuki,Swift,Delhi,Completed,Completed,Mobile App
CHK-00213,CUS-00050,VEH-00499,2025-04-24,Mahindra,Thar,Hyderabad,Completed,Completed,Website
CHK-00214,CUS-01271,VEH-00726,2025-04-24,Mahindra,Thar,Mumbai,Started,Started,Mobile App
CHK-00215,CUS-00864,VEH-00619,2025-04-25,Maruti Suzuki,Swift,Mumbai,Payment,Payment,Mobile App
CHK-00216,CUS-00074,VEH-00817,2025-04-25,Tata,Nexon,Chennai,Completed,Completed,Call Center
CHK-00217,CUS-00775,VEH-00957,2025-04-25,Tata,Nexon,Hyderabad,Started,Started,Mobile App
CHK-00218,CUS-00079,VEH-00669,2025-04-26,Hyundai,i20,Chennai,Completed,Completed,Website
CHK-00219,CUS-00855,VEH-00728,2025-04-26,Hyundai,Creta,Chennai,Started,Started,Website
CHK-00220,CUS-01177,VEH-00012,2025-04-27,Mahindra,Scorpio-N,Gurgaon,Started,Abandoned,Walk-in
CHK-00221,CUS-01168,VEH-00667,2025-04-27,Maruti Suzuki,Brezza,Hyderabad,Payment,Payment,Website
CHK-00222,CUS-01331,VEH-00700,2025-04-27,Hyundai,Creta,Pune,Started,Started,Website
CHK-00223,CUS-00108,VEH-00604,2025-04-28,Maruti Suzuki,Swift,Bengaluru,Completed,Completed,Mobile App
CHK-00224,CUS-01088,VEH-00726,2025-04-29,Mahindra,Thar,Mumbai,Payment,Abandoned,Website
CHK-00225,CUS-01312,VEH-00957,2025-04-29,Tata,Nexon,Hyderabad,Started,Abandoned,Website
CHK-00226,CUS-00058,VEH-00371,2025-04-30,Volkswagen,Virtus,Delhi,Completed,Completed,Website
CHK-00227,CUS-01078,VEH-00499,2025-04-30,Mahindra,Thar,Hyderabad,Payment,Abandoned,Mobile App
CHK-00228,CUS-01141,VEH-00499,2025-04-30,Mahindra,Thar,Hyderabad,Payment,Payment,Mobile App
CHK-00229,CUS-01061,VEH-00804,2025-04-30,Hyundai,Creta,Hyderabad,Started,Started,Walk-in
CHK-00230,CUS-01456,VEH-00138,2025-05-01,Tata,Nexon,Delhi,Started,Abandoned,Website
CHK-00231,CUS-01332,VEH-00461,2025-05-01,Maruti Suzuki,Brezza,Ahmedabad,Started,Started,Call Center
CHK-00232,CUS-00814,VEH-00315,2025-05-02,Mahindra,Thar,Mumbai,Payment,Payment,Website
CHK-00233,CUS-01131,VEH-00315,2025-05-02,Mahindra,Thar,Mumbai,Payment,Payment,Call Center
CHK-00234,CUS-00116,VEH-00871,2025-05-02,Kia,Seltos,Gurgaon,Completed,Completed,Walk-in
CHK-00235,CUS-00065,VEH-00606,2025-05-03,Mahindra,Thar,Ahmedabad,Completed,Completed,Walk-in
CHK-00236,CUS-00096,VEH-00451,2025-05-04,Mahindra,Thar,Chennai,Completed,Completed,Walk-in
CHK-00237,CUS-01217,VEH-00702,2025-05-04,Toyota,Innova Hycross,Bengaluru,Started,Abandoned,Mobile App
CHK-00238,CUS-01215,VEH-00022,2025-05-05,Tata,Nexon,Pune,Started,Abandoned,Website
CHK-00239,CUS-01138,VEH-00315,2025-05-06,Mahindra,Thar,Mumbai,Payment,Payment,Mobile App
CHK-00240,CUS-00109,VEH-00407,2025-05-06,Tata,Nexon,Hyderabad,Completed,Completed,Mobile App
CHK-00241,CUS-01276,VEH-00215,2025-05-08,Maruti Suzuki,Swift,Bengaluru,Payment,Payment,Website
CHK-00242,CUS-01044,VEH-00509,2025-05-08,Tata,Tiago,Mumbai,Payment,Abandoned,Mobile App
CHK-00243,CUS-00961,VEH-00595,2025-05-08,Maruti Suzuki,Baleno,Chennai,Payment,Abandoned,Website
CHK-00244,CUS-01266,VEH-00055,2025-05-10,Maruti Suzuki,Swift,Ahmedabad,Started,Started,Website
CHK-00245,CUS-00953,VEH-00061,2025-05-10,Tata,Nexon,Mumbai,Payment,Abandoned,Call Center
CHK-00246,CUS-00057,VEH-00158,2025-05-10,Maruti Suzuki,Swift,Mumbai,Completed,Completed,Walk-in
CHK-00247,CUS-01398,VEH-00451,2025-05-10,Mahindra,Thar,Chennai,Started,Started,Website
CHK-00248,CUS-00061,VEH-00055,2025-05-11,Maruti Suzuki,Swift,Ahmedabad,Completed,Completed,Call Center
CHK-00249,CUS-01192,VEH-00095,2025-05-11,Hyundai,Creta,Hyderabad,Payment,Abandoned,Mobile App
CHK-00250,CUS-00059,VEH-00458,2025-05-11,Mahindra,XUV700,Mumbai,Completed,Completed,Walk-in
CHK-00251,CUS-00105,VEH-00699,2025-05-11,Hyundai,i20,Mumbai,Completed,Completed,Walk-in
CHK-00252,CUS-00958,VEH-00055,2025-05-12,Maruti Suzuki,Swift,Ahmedabad,Started,Started,Website
CHK-00253,CUS-00151,VEH-00122,2025-05-12,Maruti Suzuki,Brezza,Mumbai,Completed,Completed,Call Center
CHK-00254,CUS-01251,VEH-00590,2025-05-13,Hyundai,Creta,Pune,Payment,Abandoned,Website
CHK-00255,CUS-01369,VEH-00095,2025-05-14,Hyundai,Creta,Hyderabad,Payment,Abandoned,Website
CHK-00256,CUS-00132,VEH-00988,2025-05-14,Kia,Seltos,Chennai,Completed,Completed,Mobile App
CHK-00257,CUS-01374,VEH-00061,2025-05-15,Tata,Nexon,Mumbai,Payment,Payment,Mobile App
CHK-00258,CUS-00785,VEH-00111,2025-05-15,Toyota,Innova Hycross,Hyderabad,Payment,Payment,Mobile App
CHK-00259,CUS-01087,VEH-00501,2025-05-15,Mahindra,Thar,Mumbai,Started,Started,Mobile App
CHK-00260,CUS-01384,VEH-00629,2025-05-15,Hyundai,Venue,Chennai,Payment,Abandoned,Walk-in
CHK-00261,CUS-00835,VEH-00698,2025-05-15,Hyundai,Creta,Bengaluru,Payment,Abandoned,Mobile App
CHK-00262,CUS-00970,VEH-00007,2025-05-16,Maruti Suzuki,Brezza,Gurgaon,Payment,Abandoned,Website
CHK-00263,CUS-01140,VEH-00315,2025-05-16,Mahindra,Thar,Mumbai,Started,Started,Walk-in
CHK-00264,CUS-00865,VEH-00320,2025-05-16,Hyundai,Venue,Bengaluru,Started,Abandoned,Website
CHK-00265,CUS-00056,VEH-00349,2025-05-16,Hyundai,Creta,Ahmedabad,Completed,Completed,Walk-in
CHK-00266,CUS-01023,VEH-00349,2025-05-16,Hyundai,Creta,Ahmedabad,Payment,Abandoned,Call Center
CHK-00267,CUS-00085,VEH-00834,2025-05-16,Maruti Suzuki,Baleno,Hyderabad,Completed,Completed,Mobile App
CHK-00268,CUS-00100,VEH-00665,2025-05-17,Hyundai,Venue,Chennai,Completed,Completed,Mobile App
CHK-00269,CUS-01214,VEH-00848,2025-05-17,Tata,Nexon,Chennai,Started,Abandoned,Mobile App
CHK-00270,CUS-00083,VEH-00022,2025-05-18,Tata,Nexon,Pune,Completed,Completed,Walk-in
CHK-00271,CUS-01249,VEH-00698,2025-05-18,Hyundai,Creta,Bengaluru,Started,Abandoned,Call Center
CHK-00272,CUS-00900,VEH-00061,2025-05-19,Tata,Nexon,Mumbai,Payment,Abandoned,Call Center
CHK-00273,CUS-01085,VEH-00216,2025-05-19,Hyundai,Creta,Bengaluru,Payment,Abandoned,Website
CHK-00274,CUS-01258,VEH-00315,2025-05-19,Mahindra,Thar,Mumbai,Payment,Payment,Mobile App
CHK-00275,CUS-00904,VEH-00061,2025-05-21,Tata,Nexon,Mumbai,Started,Started,Walk-in
CHK-00276,CUS-00918,VEH-00095,2025-05-21,Hyundai,Creta,Hyderabad,Started,Started,Call Center
CHK-00277,CUS-00077,VEH-00320,2025-05-21,Hyundai,Venue,Bengaluru,Completed,Completed,Walk-in
CHK-00278,CUS-01125,VEH-00320,2025-05-22,Hyundai,Venue,Bengaluru,Started,Abandoned,Walk-in
CHK-00279,CUS-00097,VEH-00590,2025-05-22,Hyundai,Creta,Pune,Completed,Completed,Walk-in
CHK-00280,CUS-00971,VEH-00590,2025-05-22,Hyundai,Creta,Pune,Started,Abandoned,Website
CHK-00281,CUS-01440,VEH-00726,2025-05-22,Mahindra,Thar,Mumbai,Payment,Abandoned,Website
CHK-00282,CUS-00119,VEH-00249,2025-05-23,Hyundai,i20,Hyderabad,Completed,Completed,Walk-in
CHK-00283,CUS-00800,VEH-00726,2025-05-23,Mahindra,Thar,Mumbai,Started,Started,Website
CHK-00284,CUS-00955,VEH-00749,2025-05-23,Hyundai,Creta,Mumbai,Started,Abandoned,Website
CHK-00285,CUS-00176,VEH-00804,2025-05-23,Hyundai,Creta,Hyderabad,Completed,Completed,Mobile App
CHK-00286,CUS-00080,VEH-00714,2025-05-24,Maruti Suzuki,Swift,Mumbai,Completed,Completed,Website
CHK-00287,CUS-00862,VEH-00061,2025-05-25,Tata,Nexon,Mumbai,Payment,Payment,Walk-in
CHK-00288,CUS-00072,VEH-00007,2025-05-26,Maruti Suzuki,Brezza,Gurgaon,Completed,Completed,Call Center
CHK-00289,CUS-00838,VEH-00067,2025-05-26,Tata,Nexon,Mumbai,Started,Abandoned,Website
CHK-00290,CUS-00086,VEH-00281,2025-05-26,Mahindra,Scorpio-N,Pune,Completed,Completed,Call Center
CHK-00291,CUS-00113,VEH-00626,2025-05-26,Maruti Suzuki,Swift,Hyderabad,Completed,Completed,Website
CHK-00292,CUS-00071,VEH-00749,2025-05-26,Hyundai,Creta,Mumbai,Completed,Completed,Mobile App
CHK-00293,CUS-01065,VEH-00216,2025-05-27,Hyundai,Creta,Bengaluru,Payment,Payment,Mobile App
CHK-00294,CUS-01133,VEH-00067,2025-05-28,Tata,Nexon,Mumbai,Payment,Payment,Mobile App
CHK-00295,CUS-01439,VEH-00336,2025-05-28,Skoda,Kushaq,Delhi,Payment,Payment,Website
CHK-00296,CUS-01328,VEH-00022,2025-05-29,Tata,Nexon,Pune,Payment,Payment,Mobile App
CHK-00297,CUS-00916,VEH-00301,2025-05-30,Hyundai,Creta,Hyderabad,Started,Started,Mobile App
CHK-00298,CUS-01181,VEH-00372,2025-05-30,Maruti Suzuki,Brezza,Gurgaon,Started,Started,Walk-in
CHK-00299,CUS-00773,VEH-00383,2025-05-30,Tata,Nexon,Mumbai,Payment,Abandoned,Website
CHK-00300,CUS-01104,VEH-00543,2025-05-30,Maruti Suzuki,Swift,Gurgaon,Started,Started,Website
CHK-00301,CUS-01048,VEH-00654,2025-05-30,Hyundai,i20,Mumbai,Started,Abandoned,Call Center
CHK-00302,CUS-00104,VEH-00019,2025-05-31,Hyundai,Venue,Gurgaon,Completed,Completed,Walk-in
CHK-00303,CUS-01241,VEH-00148,2025-05-31,Maruti Suzuki,Brezza,Pune,Started,Started,Website
CHK-00304,CUS-01134,VEH-00300,2025-05-31,Maruti Suzuki,Baleno,Pune,Payment,Payment,Mobile App
CHK-00305,CUS-00090,VEH-00697,2025-05-31,MG,Hector,Mumbai,Completed,Completed,Walk-in
CHK-00306,CUS-01010,VEH-00714,2025-05-31,Maruti Suzuki,Swift,Mumbai,Started,Abandoned,Mobile App
CHK-00307,CUS-00896,VEH-00809,2025-05-31,Mahindra,Thar,Hyderabad,Started,Abandoned,Mobile App
CHK-00308,CUS-00121,VEH-00372,2025-06-01,Maruti Suzuki,Brezza,Gurgaon,Completed,Completed,Walk-in
CHK-00309,CUS-00858,VEH-00407,2025-06-01,Tata,Nexon,Hyderabad,Payment,Abandoned,Website
CHK-00310,CUS-00897,VEH-00604,2025-06-01,Maruti Suzuki,Swift,Bengaluru,Started,Started,Website
CHK-00311,CUS-01115,VEH-00022,2025-06-02,Tata,Nexon,Pune,Payment,Payment,Walk-in
CHK-00312,CUS-00150,VEH-00095,2025-06-02,Hyundai,Creta,Hyderabad,Completed,Completed,Walk-in
CHK-00313,CUS-01228,VEH-00629,2025-06-02,Hyundai,Venue,Chennai,Payment,Payment,Mobile App
CHK-00314,CUS-00175,VEH-00301,2025-06-03,Hyundai,Creta,Hyderabad,Completed,Completed,Walk-in
CHK-00315,CUS-00107,VEH-00654,2025-06-04,Hyundai,i20,Mumbai,Completed,Completed,Call Center
CHK-00316,CUS-01012,VEH-00033,2025-06-05,Mahindra,Thar,Gurgaon,Started,Started,Mobile App
CHK-00317,CUS-01344,VEH-00067,2025-06-05,Tata,Nexon,Mumbai,Started,Abandoned,Website
CHK-00318,CUS-01178,VEH-00791,2025-06-05,Tata,Tiago,Hyderabad,Started,Abandoned,Mobile App
CHK-00319,CUS-01219,VEH-00215,2025-06-06,Maruti Suzuki,Swift,Bengaluru,Started,Abandoned,Mobile App
CHK-00320,CUS-00122,VEH-00565,2025-06-06,Maruti Suzuki,Ertiga,Pune,Completed,Completed,Website
CHK-00321,CUS-00876,VEH-00698,2025-06-06,Hyundai,Creta,Bengaluru,Started,Abandoned,Mobile App
CHK-00322,CUS-01239,VEH-00726,2025-06-06,Mahindra,Thar,Mumbai,Started,Started,Website
CHK-00323,CUS-00149,VEH-00809,2025-06-06,Mahindra,Thar,Hyderabad,Completed,Completed,Call Center
CHK-00324,CUS-01418,VEH-00009,2025-06-07,Mahindra,Thar,Chennai,Payment,Abandoned,Website
CHK-00325,CUS-00081,VEH-00148,2025-06-07,Maruti Suzuki,Brezza,Pune,Completed,Completed,Walk-in
CHK-00326,CUS-00082,VEH-00300,2025-06-07,Maruti Suzuki,Baleno,Pune,Completed,Completed,Walk-in
CHK-00327,CUS-01019,VEH-00301,2025-06-07,Hyundai,Creta,Hyderabad,Payment,Payment,Website
CHK-00328,CUS-01275,VEH-00451,2025-06-07,Mahindra,Thar,Chennai,Payment,Payment,Call Center
CHK-00329,CUS-01106,VEH-00107,2025-06-08,Hyundai,Creta,Delhi,Started,Started,Mobile App
CHK-00330,CUS-00091,VEH-00190,2025-06-08,BMW,3 Series,Chennai,Completed,Completed,Mobile App
CHK-00331,CUS-01001,VEH-00300,2025-06-08,Maruti Suzuki,Baleno,Pune,Started,Abandoned,Website
CHK-00332,CUS-01269,VEH-00995,2025-06-08,Tata,Nexon,Ahmedabad,Payment,Payment,Mobile App
CHK-00333,CUS-00089,VEH-00271,2025-06-09,Maruti Suzuki,Swift,Mumbai,Completed,Completed,Walk-in
CHK-00334,CUS-00189,VEH-00622,2025-06-10,Hyundai,Creta,Delhi,Completed,Completed,Mobile App
CHK-00335,CUS-01340,VEH-00190,2025-06-11,BMW,3 Series,Chennai,Payment,Abandoned,Mobile App
CHK-00336,CUS-00144,VEH-00383,2025-06-11,Tata,Nexon,Mumbai,Completed,Completed,Website
CHK-00337,CUS-00135,VEH-00397,2025-06-11,Tata,Nexon,Mumbai,Completed,Completed,Call Center
CHK-00338,CUS-00095,VEH-00215,2025-06-12,Maruti Suzuki,Swift,Bengaluru,Completed,Completed,Walk-in
CHK-00339,CUS-00093,VEH-00629,2025-06-12,Hyundai,Venue,Chennai,Completed,Completed,Call Center
CHK-00340,CUS-00839,VEH-00665,2025-06-12,Hyundai,Venue,Chennai,Started,Started,Mobile App
CHK-00341,CUS-01016,VEH-00583,2025-06-13,Hyundai,Creta,Hyderabad,Started,Abandoned,Mobile App
CHK-00342,CUS-00124,VEH-00648,2025-06-13,Skoda,Kushaq,Mumbai,Completed,Completed,Walk-in
CHK-00343,CUS-00126,VEH-00336,2025-06-14,Skoda,Kushaq,Delhi,Completed,Completed,Walk-in
CHK-00344,CUS-00778,VEH-00429,2025-06-14,BMW,3 Series,Delhi,Started,Abandoned,Mobile App
CHK-00345,CUS-01426,VEH-00726,2025-06-14,Mahindra,Thar,Mumbai,Started,Abandoned,Website
CHK-00346,CUS-00917,VEH-00301,2025-06-15,Hyundai,Creta,Hyderabad,Payment,Payment,Website
CHK-00347,CUS-00155,VEH-00731,2025-06-15,Tata,Nexon,Bengaluru,Completed,Completed,Walk-in
CHK-00348,CUS-01290,VEH-00227,2025-06-16,Maruti Suzuki,Baleno,Mumbai,Started,Started,Website
CHK-00349,CUS-01348,VEH-00622,2025-06-16,Hyundai,Creta,Delhi,Started,Started,Website
CHK-00350,CUS-00882,VEH-00809,2025-06-17,Mahindra,Thar,Hyderabad,Payment,Payment,Website
CHK-00351,CUS-01277,VEH-00281,2025-06-18,Mahindra,Scorpio-N,Pune,Payment,Payment,Website
CHK-00352,CUS-01153,VEH-00565,2025-06-18,Maruti Suzuki,Ertiga,Pune,Started,Started,Walk-in
CHK-00353,CUS-01070,VEH-00622,2025-06-18,Hyundai,Creta,Delhi,Payment,Payment,Mobile App
CHK-00354,CUS-01146,VEH-00501,2025-06-19,Mahindra,Thar,Mumbai,Payment,Abandoned,Walk-in
CHK-00355,CUS-00088,VEH-00698,2025-06-19,Hyundai,Creta,Bengaluru,Completed,Completed,Mobile App
CHK-00356,CUS-01435,VEH-00809,2025-06-19,Mahindra,Thar,Hyderabad,Payment,Abandoned,Walk-in
CHK-00357,CUS-00142,VEH-00473,2025-06-20,Kia,Seltos,Bengaluru,Completed,Completed,Mobile App
CHK-00358,CUS-00145,VEH-00914,2025-06-20,Maruti Suzuki,Swift,Mumbai,Completed,Completed,Call Center
CHK-00359,CUS-00094,VEH-00012,2025-06-21,Mahindra,Scorpio-N,Gurgaon,Completed,Completed,Mobile App
CHK-00360,CUS-01165,VEH-00103,2025-06-21,Hyundai,i20,Gurgaon,Started,Abandoned,Call Center
CHK-00361,CUS-01381,VEH-00346,2025-06-21,Hyundai,Creta,Hyderabad,Payment,Abandoned,Mobile App
CHK-00362,CUS-00949,VEH-00067,2025-06-22,Tata,Nexon,Mumbai,Payment,Payment,Website
CHK-00363,CUS-00130,VEH-00103,2025-06-22,Hyundai,i20,Gurgaon,Completed,Completed,Walk-in
CHK-00364,CUS-00830,VEH-00103,2025-06-22,Hyundai,i20,Gurgaon,Started,Started,Website
CHK-00365,CUS-01130,VEH-00114,2025-06-22,Hyundai,Creta,Hyderabad,Started,Started,Website
CHK-00366,CUS-00115,VEH-00221,2025-06-22,Mahindra,Thar,Pune,Completed,Completed,Call Center
CHK-00367,CUS-01030,VEH-00346,2025-06-22,Hyundai,Creta,Hyderabad,Started,Started,Website
CHK-00368,CUS-01400,VEH-00726,2025-06-22,Mahindra,Thar,Mumbai,Payment,Payment,Website
CHK-00369,CUS-01073,VEH-00848,2025-06-22,Tata,Nexon,Chennai,Started,Abandoned,Walk-in
CHK-00370,CUS-00943,VEH-00013,2025-06-23,Hyundai,Creta,Hyderabad,Started,Abandoned,Mobile App
CHK-00371,CUS-01194,VEH-00033,2025-06-23,Mahindra,Thar,Gurgaon,Started,Started,Mobile App
CHK-00372,CUS-00148,VEH-00632,2025-06-23,Tata,Nexon,Pune,Completed,Completed,Website
CHK-00373,CUS-01268,VEH-00896,2025-06-23,Maruti Suzuki,Ertiga,Ahmedabad,Started,Abandoned,Mobile App
CHK-00374,CUS-00106,VEH-00152,2025-06-24,Maruti Suzuki,Baleno,Pune,Completed,Completed,Walk-in
CHK-00375,CUS-01028,VEH-00346,2025-06-24,Hyundai,Creta,Hyderabad,Payment,Payment,Walk-in
CHK-00376,CUS-01433,VEH-00629,2025-06-24,Hyundai,Venue,Chennai,Payment,Abandoned,Website
CHK-00377,CUS-00098,VEH-00700,2025-06-24,Hyundai,Creta,Pune,Completed,Completed,Mobile App
CHK-00378,CUS-00976,VEH-00171,2025-06-25,Hyundai,Venue,Bengaluru,Started,Abandoned,Call Center
CHK-00379,CUS-01454,VEH-00217,2025-06-25,Tata,Nexon,Gurgaon,Payment,Payment,Call Center
CHK-00380,CUS-00860,VEH-00451,2025-06-25,Mahindra,Thar,Chennai,Started,Started,Website
CHK-00381,CUS-00129,VEH-00954,2025-06-25,Mahindra,XUV700,Delhi,Completed,Completed,Walk-in
CHK-00382,CUS-00182,VEH-00009,2025-06-26,Mahindra,Thar,Chennai,Completed,Completed,Mobile App
CHK-00383,CUS-00980,VEH-00114,2025-06-26,Hyundai,Creta,Hyderabad,Started,Abandoned,Website
CHK-00384,CUS-00999,VEH-00114,2025-06-26,Hyundai,Creta,Hyderabad,Started,Abandoned,Walk-in
CHK-00385,CUS-00920,VEH-00162,2025-06-26,Tata,Nexon,Hyderabad,Started,Started,Mobile App
CHK-00386,CUS-01346,VEH-00221,2025-06-26,Mahindra,Thar,Pune,Started,Abandoned,Mobile App
CHK-00387,CUS-00102,VEH-00114,2025-06-27,Hyundai,Creta,Hyderabad,Completed,Completed,Website
CHK-00388,CUS-01069,VEH-00033,2025-06-28,Mahindra,Thar,Gurgaon,Started,Abandoned,Website
CHK-00389,CUS-01007,VEH-00067,2025-06-28,Tata,Nexon,Mumbai,Started,Started,Mobile App
CHK-00390,CUS-00127,VEH-00216,2025-06-29,Hyundai,Creta,Bengaluru,Completed,Completed,Walk-in
CHK-00391,CUS-01289,VEH-00848,2025-06-29,Tata,Nexon,Chennai,Started,Started,Call Center
CHK-00392,CUS-01184,VEH-00013,2025-06-30,Hyundai,Creta,Hyderabad,Started,Abandoned,Mobile App
CHK-00393,CUS-00099,VEH-00346,2025-06-30,Hyundai,Creta,Hyderabad,Completed,Completed,Walk-in
CHK-00394,CUS-01195,VEH-00407,2025-06-30,Tata,Nexon,Hyderabad,Payment,Abandoned,Mobile App
CHK-00395,CUS-00791,VEH-00429,2025-06-30,BMW,3 Series,Delhi,Payment,Payment,Website
CHK-00396,CUS-01451,VEH-00519,2025-06-30,Hyundai,Creta,Bengaluru,Payment,Abandoned,Website
CHK-00397,CUS-01003,VEH-00599,2025-06-30,Maruti Suzuki,Ertiga,Bengaluru,Started,Abandoned,Website
CHK-00398,CUS-01193,VEH-00383,2025-07-01,Tata,Nexon,Mumbai,Payment,Payment,Mobile App
CHK-00399,CUS-00215,VEH-00708,2025-07-01,MG,Hector,Mumbai,Completed,Completed,Mobile App
CHK-00400,CUS-01432,VEH-00995,2025-07-01,Tata,Nexon,Ahmedabad,Started,Abandoned,Website
CHK-00401,CUS-00823,VEH-00335,2025-07-02,Hyundai,Creta,Bengaluru,Started,Started,Mobile App
CHK-00402,CUS-01116,VEH-00469,2025-07-02,Hyundai,Creta,Delhi,Payment,Payment,Website
CHK-00403,CUS-01308,VEH-00726,2025-07-02,Mahindra,Thar,Mumbai,Payment,Payment,Website
CHK-00404,CUS-00822,VEH-00809,2025-07-02,Mahindra,Thar,Hyderabad,Payment,Payment,Website
CHK-00405,CUS-01101,VEH-00103,2025-07-03,Hyundai,i20,Gurgaon,Payment,Abandoned,Mobile App
CHK-00406,CUS-00905,VEH-00335,2025-07-03,Hyundai,Creta,Bengaluru,Started,Abandoned,Call Center
CHK-00407,CUS-01167,VEH-00114,2025-07-04,Hyundai,Creta,Hyderabad,Payment,Payment,Call Center
CHK-00408,CUS-01015,VEH-00622,2025-07-04,Hyundai,Creta,Delhi,Payment,Abandoned,Website
CHK-00409,CUS-00227,VEH-00703,2025-07-04,Tata,Nexon,Ahmedabad,Completed,Completed,Website
CHK-00410,CUS-00103,VEH-00726,2025-07-04,Mahindra,Thar,Mumbai,Completed,Completed,Walk-in
CHK-00411,CUS-01347,VEH-00848,2025-07-04,Tata,Nexon,Chennai,Payment,Payment,Website
CHK-00412,CUS-00880,VEH-00304,2025-07-05,Tata,Nexon,Pune,Started,Started,Website
CHK-00413,CUS-00154,VEH-00702,2025-07-05,Toyota,Innova Hycross,Bengaluru,Completed,Completed,Website
CHK-00414,CUS-01240,VEH-00775,2025-07-06,Hyundai,Venue,Delhi,Payment,Payment,Website
CHK-00415,CUS-01114,VEH-00114,2025-07-07,Hyundai,Creta,Hyderabad,Started,Abandoned,Website
CHK-00416,CUS-00954,VEH-00301,2025-07-07,Hyundai,Creta,Hyderabad,Started,Abandoned,Mobile App
CHK-00417,CUS-00924,VEH-00429,2025-07-07,BMW,3 Series,Delhi,Started,Started,Website
CHK-00418,CUS-01170,VEH-00993,2025-07-07,Hyundai,Creta,Bengaluru,Started,Started,Mobile App
CHK-00419,CUS-01373,VEH-00047,2025-07-08,Maruti Suzuki,Baleno,Hyderabad,Payment,Abandoned,Mobile App
CHK-00420,CUS-01126,VEH-00067,2025-07-08,Tata,Nexon,Mumbai,Started,Abandoned,Call Center
CHK-00421,CUS-00111,VEH-00304,2025-07-08,Tata,Nexon,Pune,Completed,Completed,Walk-in
CHK-00422,CUS-00945,VEH-00304,2025-07-08,Tata,Nexon,Pune,Payment,Payment,Website
CHK-00423,CUS-01205,VEH-00431,2025-07-08,Mahindra,XUV700,Hyderabad,Payment,Payment,Website
CHK-00424,CUS-00123,VEH-00585,2025-07-08,Maruti Suzuki,Baleno,Ahmedabad,Completed,Completed,Mobile App
CHK-00425,CUS-01324,VEH-00775,2025-07-08,Hyundai,Venue,Delhi,Payment,Abandoned,Walk-in
CHK-00426,CUS-00136,VEH-00779,2025-07-08,Maruti Suzuki,Brezza,Chennai,Completed,Completed,Walk-in
CHK-00427,CUS-00110,VEH-00807,2025-07-08,Toyota,Innova Hycross,Pune,Completed,Completed,Walk-in
CHK-00428,CUS-01068,VEH-00095,2025-07-09,Hyundai,Creta,Hyderabad,Started,Abandoned,Mobile App
CHK-00429,CUS-00134,VEH-00162,2025-07-09,Tata,Nexon,Hyderabad,Completed,Completed,Mobile App
CHK-00430,CUS-00193,VEH-00178,2025-07-09,Maruti Suzuki,Swift,Hyderabad,Completed,Completed,Website
CHK-00431,CUS-00205,VEH-00309,2025-07-09,Maruti Suzuki,Brezza,Chennai,Completed,Completed,Walk-in
CHK-00432,CUS-01093,VEH-00469,2025-07-09,Hyundai,Creta,Delhi,Started,Started,Mobile App
CHK-00433,CUS-01329,VEH-00703,2025-07-09,Tata,Nexon,Ahmedabad,Started,Abandoned,Call Center
CHK-00434,CUS-00157,VEH-00775,2025-07-09,Hyundai,Venue,Delhi,Completed,Completed,Mobile App
CHK-00435,CUS-00777,VEH-00107,2025-07-10,Hyundai,Creta,Delhi,Started,Started,Website
CHK-00436,CUS-00179,VEH-00217,2025-07-10,Tata,Nexon,Gurgaon,Completed,Completed,Walk-in
CHK-00437,CUS-00840,VEH-00779,2025-07-10,Maruti Suzuki,Brezza,Chennai,Started,Started,Mobile App
CHK-00438,CUS-00118,VEH-00896,2025-07-10,Maruti Suzuki,Ertiga,Ahmedabad,Completed,Completed,Website
CHK-00439,CUS-00974,VEH-00993,2025-07-10,Hyundai,Creta,Bengaluru,Started,Abandoned,Website
CHK-00440,CUS-00117,VEH-00469,2025-07-11,Hyundai,Creta,Delhi,Completed,Completed,Call Center
CHK-00441,CUS-00861,VEH-00787,2025-07-11,BMW,3 Series,Delhi,Payment,Abandoned,Mobile App
CHK-00442,CUS-00128,VEH-00995,2025-07-11,Tata,Nexon,Ahmedabad,Completed,Completed,Website
CHK-00443,CUS-01050,VEH-00033,2025-07-12,Mahindra,Thar,Gurgaon,Started,Abandoned,Mobile App
CHK-00444,CUS-01296,VEH-00383,2025-07-12,Tata,Nexon,Mumbai,Payment,Abandoned,Walk-in
CHK-00445,CUS-01395,VEH-00469,2025-07-12,Hyundai,Creta,Delhi,Started,Started,Mobile App
CHK-00446,CUS-00994,VEH-00654,2025-07-12,Hyundai,i20,Mumbai,Started,Abandoned,Walk-in
CHK-00447,CUS-01441,VEH-00702,2025-07-12,Toyota,Innova Hycross,Bengaluru,Started,Started,Mobile App
CHK-00448,CUS-01208,VEH-00896,2025-07-12,Maruti Suzuki,Ertiga,Ahmedabad,Payment,Abandoned,Mobile App
CHK-00449,CUS-01014,VEH-00914,2025-07-12,Maruti Suzuki,Swift,Mumbai,Payment,Payment,Mobile App
CHK-00450,CUS-00898,VEH-00033,2025-07-13,Mahindra,Thar,Gurgaon,Started,Abandoned,Mobile App
CHK-00451,CUS-00866,VEH-00095,2025-07-13,Hyundai,Creta,Hyderabad,Payment,Payment,Website
CHK-00452,CUS-00981,VEH-00120,2025-07-13,BMW,3 Series,Bengaluru,Payment,Abandoned,Mobile App
CHK-00453,CUS-01436,VEH-00848,2025-07-13,Tata,Nexon,Chennai,Payment,Payment,Website
CHK-00454,CUS-01198,VEH-00434,2025-07-14,Hyundai,Creta,Bengaluru,Payment,Abandoned,Call Center
CHK-00455,CUS-01233,VEH-00543,2025-07-14,Maruti Suzuki,Swift,Gurgaon,Started,Abandoned,Website
CHK-00456,CUS-01304,VEH-00830,2025-07-14,Tata,Tiago,Bengaluru,Payment,Payment,Website
CHK-00457,CUS-00172,VEH-00107,2025-07-15,Hyundai,Creta,Delhi,Completed,Completed,Mobile App
CHK-00458,CUS-00170,VEH-00429,2025-07-15,BMW,3 Series,Delhi,Completed,Completed,Website
CHK-00459,CUS-01431,VEH-00469,2025-07-15,Hyundai,Creta,Delhi,Payment,Payment,Mobile App
CHK-00460,CUS-00767,VEH-00993,2025-07-15,Hyundai,Creta,Bengaluru,Payment,Abandoned,Mobile App
CHK-00461,CUS-01008,VEH-00304,2025-07-16,Tata,Nexon,Pune,Payment,Payment,Walk-in
CHK-00462,CUS-01450,VEH-00304,2025-07-16,Tata,Nexon,Pune,Started,Started,Website
CHK-00463,CUS-00112,VEH-00993,2025-07-17,Hyundai,Creta,Bengaluru,Completed,Completed,Mobile App
CHK-00464,CUS-00120,VEH-00013,2025-07-18,Hyundai,Creta,Hyderabad,Completed,Completed,Walk-in
CHK-00465,CUS-00885,VEH-00383,2025-07-18,Tata,Nexon,Mumbai,Payment,Payment,Website
CHK-00466,CUS-00152,VEH-00434,2025-07-19,Hyundai,Creta,Bengaluru,Completed,Completed,Mobile App
CHK-00467,CUS-00829,VEH-00585,2025-07-19,Maruti Suzuki,Baleno,Ahmedabad,Started,Started,Mobile App
CHK-00468,CUS-00811,VEH-00804,2025-07-19,Hyundai,Creta,Hyderabad,Payment,Abandoned,Mobile App
CHK-00469,CUS-00114,VEH-00075,2025-07-20,Honda,City,Mumbai,Completed,Completed,Mobile App
CHK-00470,CUS-01287,VEH-00075,2025-07-21,Honda,City,Mumbai,Payment,Abandoned,Website
CHK-00471,CUS-01245,VEH-00404,2025-07-21,Mahindra,XUV700,Chennai,Started,Abandoned,Website
CHK-00472,CUS-00892,VEH-00434,2025-07-21,Hyundai,Creta,Bengaluru,Started,Started,Mobile App
CHK-00473,CUS-01158,VEH-00567,2025-07-21,Tata,Nexon,Delhi,Started,Abandoned,Walk-in
CHK-00474,CUS-00964,VEH-00833,2025-07-21,Maruti Suzuki,Baleno,Gurgaon,Started,Abandoned,Website
CHK-00475,CUS-00218,VEH-00171,2025-07-22,Hyundai,Venue,Bengaluru,Completed,Completed,Website
CHK-00476,CUS-00853,VEH-00372,2025-07-22,Maruti Suzuki,Brezza,Gurgaon,Payment,Payment,Website
CHK-00477,CUS-01224,VEH-00397,2025-07-22,Tata,Nexon,Mumbai,Started,Started,Website
CHK-00478,CUS-00158,VEH-00787,2025-07-22,BMW,3 Series,Delhi,Completed,Completed,Mobile App
CHK-00479,CUS-00131,VEH-00521,2025-07-23,Hyundai,i20,Chennai,Completed,Completed,Walk-in
CHK-00480,CUS-00133,VEH-00567,2025-07-23,Tata,Nexon,Delhi,Completed,Completed,Walk-in
CHK-00481,CUS-00125,VEH-00876,2025-07-23,Hyundai,i20,Pune,Completed,Completed,Call Center
CHK-00482,CUS-01043,VEH-00067,2025-07-24,Tata,Nexon,Mumbai,Started,Started,Mobile App
CHK-00483,CUS-00168,VEH-00033,2025-07-25,Mahindra,Thar,Gurgaon,Completed,Completed,Walk-in
CHK-00484,CUS-01002,VEH-00385,2025-07-25,Mahindra,Thar,Gurgaon,Started,Abandoned,Mobile App
CHK-00485,CUS-01046,VEH-00434,2025-07-25,Hyundai,Creta,Bengaluru,Payment,Abandoned,Website
CHK-00486,CUS-00879,VEH-00622,2025-07-25,Hyundai,Creta,Delhi,Started,Started,Website
CHK-00487,CUS-01163,VEH-00809,2025-07-25,Mahindra,Thar,Hyderabad,Payment,Abandoned,Walk-in
CHK-00488,CUS-00198,VEH-00227,2025-07-26,Maruti Suzuki,Baleno,Mumbai,Completed,Completed,Website
CHK-00489,CUS-00933,VEH-00336,2025-07-26,Skoda,Kushaq,Delhi,Payment,Payment,Mobile App
CHK-00490,CUS-00184,VEH-00583,2025-07-26,Hyundai,Creta,Hyderabad,Completed,Completed,Walk-in
CHK-00491,CUS-01042,VEH-00632,2025-07-26,Tata,Nexon,Pune,Payment,Abandoned,Walk-in
CHK-00492,CUS-00765,VEH-00968,2025-07-26,Volkswagen,Virtus,Mumbai,Started,Started,Website
CHK-00493,CUS-00171,VEH-00713,2025-07-27,Maruti Suzuki,Baleno,Ahmedabad,Completed,Completed,Mobile App
CHK-00494,CUS-00887,VEH-00013,2025-07-28,Hyundai,Creta,Hyderabad,Started,Started,Website
CHK-00495,CUS-01333,VEH-00103,2025-07-28,Hyundai,i20,Gurgaon,Payment,Payment,Mobile App
CHK-00496,CUS-00138,VEH-00432,2025-07-28,Hyundai,Creta,Bengaluru,Completed,Completed,Website
CHK-00497,CUS-01254,VEH-00632,2025-07-28,Tata,Nexon,Pune,Payment,Abandoned,Website
CHK-00498,CUS-01190,VEH-00405,2025-07-29,Maruti Suzuki,Ertiga,Hyderabad,Payment,Payment,Mobile App
CHK-00499,CUS-01397,VEH-00432,2025-07-29,Hyundai,Creta,Bengaluru,Started,Abandoned,Mobile App
CHK-00500,CUS-00968,VEH-00567,2025-07-29,Tata,Nexon,Delhi,Payment,Abandoned,Mobile App
CHK-00501,CUS-01218,VEH-00567,2025-07-29,Tata,Nexon,Delhi,Payment,Abandoned,Walk-in
CHK-00502,CUS-01036,VEH-00705,2025-07-29,Hyundai,Creta,Pune,Started,Started,Website
CHK-00503,CUS-01200,VEH-00013,2025-07-30,Hyundai,Creta,Hyderabad,Payment,Abandoned,Mobile App
CHK-00504,CUS-00190,VEH-00239,2025-07-30,Mahindra,Thar,Pune,Completed,Completed,Walk-in
CHK-00505,CUS-00784,VEH-00632,2025-07-30,Tata,Nexon,Pune,Payment,Payment,Website
CHK-00506,CUS-00973,VEH-00045,2025-07-31,Maruti Suzuki,Brezza,Delhi,Started,Started,Website
CHK-00507,CUS-01274,VEH-00335,2025-07-31,Hyundai,Creta,Bengaluru,Payment,Abandoned,Mobile App
CHK-00508,CUS-00984,VEH-00475,2025-07-31,Tata,Nexon,Bengaluru,Payment,Payment,Website
CHK-00509,CUS-01000,VEH-00655,2025-07-31,Mahindra,Scorpio-N,Pune,Started,Abandoned,Website
CHK-00510,CUS-00893,VEH-00432,2025-08-01,Hyundai,Creta,Bengaluru,Started,Abandoned,Website
CHK-00511,CUS-01256,VEH-00434,2025-08-01,Hyundai,Creta,Bengaluru,Payment,Payment,Walk-in
CHK-00512,CUS-00153,VEH-00481,2025-08-01,Honda,City,Chennai,Completed,Completed,Mobile App
CHK-00513,CUS-01419,VEH-00731,2025-08-01,Tata,Nexon,Bengaluru,Payment,Abandoned,Mobile App
CHK-00514,CUS-01135,VEH-00809,2025-08-01,Mahindra,Thar,Hyderabad,Payment,Payment,Call Center
CHK-00515,CUS-00810,VEH-00103,2025-08-02,Hyundai,i20,Gurgaon,Started,Started,Walk-in
CHK-00516,CUS-00764,VEH-00301,2025-08-02,Hyundai,Creta,Hyderabad,Payment,Abandoned,Mobile App
CHK-00517,CUS-01260,VEH-00567,2025-08-02,Tata,Nexon,Delhi,Started,Abandoned,Website
CHK-00518,CUS-01320,VEH-00809,2025-08-03,Mahindra,Thar,Hyderabad,Payment,Abandoned,Walk-in
CHK-00519,CUS-01327,VEH-00902,2025-08-03,Tata,Punch,Bengaluru,Started,Started,Website
CHK-00520,CUS-01038,VEH-00095,2025-08-04,Hyundai,Creta,Hyderabad,Payment,Payment,Mobile App
CHK-00521,CUS-01351,VEH-00556,2025-08-04,Maruti Suzuki,Ertiga,Bengaluru,Payment,Payment,Website
CHK-00522,CUS-00143,VEH-00824,2025-08-04,Maruti Suzuki,Baleno,Delhi,Completed,Completed,Walk-in
CHK-00523,CUS-01280,VEH-00603,2025-08-05,Tata,Tiago,Ahmedabad,Payment,Payment,Mobile App
CHK-00524,CUS-00911,VEH-00833,2025-08-05,Maruti Suzuki,Baleno,Gurgaon,Started,Abandoned,Website
CHK-00525,CUS-00137,VEH-00067,2025-08-06,Tata,Nexon,Mumbai,Completed,Completed,Walk-in
CHK-00526,CUS-01353,VEH-00797,2025-08-06,Tata,Punch,Chennai,Started,Started,Mobile App
CHK-00527,CUS-01113,VEH-00095,2025-08-07,Hyundai,Creta,Hyderabad,Started,Started,Call Center
CHK-00528,CUS-00185,VEH-00425,2025-08-07,Maruti Suzuki,Ertiga,Chennai,Completed,Completed,Mobile App
CHK-00529,CUS-00141,VEH-00538,2025-08-07,Volkswagen,Virtus,Delhi,Completed,Completed,Walk-in
CHK-00530,CUS-01067,VEH-00707,2025-08-07,Tata,Punch,Hyderabad,Payment,Abandoned,Call Center
CHK-00531,CUS-00899,VEH-00095,2025-08-08,Hyundai,Creta,Hyderabad,Started,Started,Call Center
CHK-00532,CUS-01040,VEH-00312,2025-08-08,Hyundai,Creta,Ahmedabad,Started,Started,Walk-in
CHK-00533,CUS-01294,VEH-00432,2025-08-08,Hyundai,Creta,Bengaluru,Started,Started,Website
CHK-00534,CUS-00139,VEH-00523,2025-08-08,Maruti Suzuki,Baleno,Pune,Completed,Completed,Walk-in
CHK-00535,CUS-00200,VEH-00725,2025-08-08,Maruti Suzuki,Baleno,Chennai,Completed,Completed,Call Center
CHK-00536,CUS-00825,VEH-00760,2025-08-08,Tata,Tiago,Gurgaon,Payment,Payment,Mobile App
CHK-00537,CUS-00881,VEH-00804,2025-08-08,Hyundai,Creta,Hyderabad,Started,Started,Mobile App
CHK-00538,CUS-00162,VEH-00405,2025-08-09,Maruti Suzuki,Ertiga,Hyderabad,Completed,Completed,Mobile App
CHK-00539,CUS-00140,VEH-00558,2025-08-09,Hyundai,i20,Pune,Completed,Completed,Walk-in
CHK-00540,CUS-01317,VEH-00918,2025-08-09,Hyundai,Creta,Mumbai,Payment,Abandoned,Website
CHK-00541,CUS-00845,VEH-00335,2025-08-10,Hyundai,Creta,Bengaluru,Started,Started,Mobile App
CHK-00542,CUS-00156,VEH-00335,2025-08-11,Hyundai,Creta,Bengaluru,Completed,Completed,Walk-in
CHK-00543,CUS-00174,VEH-00918,2025-08-11,Hyundai,Creta,Mumbai,Completed,Completed,Call Center
CHK-00544,CUS-00221,VEH-00312,2025-08-12,Hyundai,Creta,Ahmedabad,Completed,Completed,Website
CHK-00545,CUS-01284,VEH-00095,2025-08-13,Hyundai,Creta,Hyderabad,Started,Started,Call Center
CHK-00546,CUS-00163,VEH-00268,2025-08-13,Hyundai,Venue,Mumbai,Completed,Completed,Call Center
CHK-00547,CUS-00926,VEH-00632,2025-08-13,Tata,Nexon,Pune,Started,Started,Website
CHK-00548,CUS-00859,VEH-00787,2025-08-13,BMW,3 Series,Delhi,Started,Started,Walk-in
CHK-00549,CUS-01029,VEH-00810,2025-08-13,Tata,Tiago,Pune,Started,Abandoned,Walk-in
CHK-00550,CUS-01349,VEH-00239,2025-08-14,Mahindra,Thar,Pune,Payment,Payment,Call Center
CHK-00551,CUS-00965,VEH-00538,2025-08-14,Volkswagen,Virtus,Delhi,Payment,Abandoned,Mobile App
CHK-00552,CUS-00895,VEH-00632,2025-08-14,Tata,Nexon,Pune,Started,Abandoned,Mobile App
CHK-00553,CUS-00166,VEH-00861,2025-08-15,Hyundai,i20,Gurgaon,Completed,Completed,Mobile App
CHK-00554,CUS-00805,VEH-00018,2025-08-16,Maruti Suzuki,Swift,Gurgaon,Payment,Abandoned,Mobile App
CHK-00555,CUS-01143,VEH-00029,2025-08-16,Kia,Seltos,Delhi,Started,Abandoned,Mobile App
CHK-00556,CUS-00146,VEH-00556,2025-08-16,Maruti Suzuki,Ertiga,Bengaluru,Completed,Completed,Mobile App
CHK-00557,CUS-00963,VEH-00093,2025-08-17,Hyundai,Creta,Delhi,Started,Abandoned,Website
CHK-00558,CUS-00183,VEH-00519,2025-08-17,Hyundai,Creta,Bengaluru,Completed,Completed,Walk-in
CHK-00559,CUS-00962,VEH-00725,2025-08-17,Maruti Suzuki,Baleno,Chennai,Payment,Abandoned,Mobile App
CHK-00560,CUS-01261,VEH-00018,2025-08-18,Maruti Suzuki,Swift,Gurgaon,Started,Abandoned,Mobile App
CHK-00561,CUS-01175,VEH-00655,2025-08-18,Mahindra,Scorpio-N,Pune,Started,Started,Website
CHK-00562,CUS-00178,VEH-00848,2025-08-18,Tata,Nexon,Chennai,Completed,Completed,Call Center
CHK-00563,CUS-00147,VEH-00018,2025-08-19,Maruti Suzuki,Swift,Gurgaon,Completed,Completed,Call Center
CHK-00564,CUS-00988,VEH-00632,2025-08-19,Tata,Nexon,Pune,Started,Abandoned,Website
CHK-00565,CUS-01366,VEH-00804,2025-08-19,Hyundai,Creta,Hyderabad,Started,Started,Website
CHK-00566,CUS-01305,VEH-00961,2025-08-19,Maruti Suzuki,Brezza,Hyderabad,Started,Started,Website
CHK-00567,CUS-00847,VEH-00122,2025-08-21,Maruti Suzuki,Brezza,Mumbai,Payment,Payment,Mobile App
CHK-00568,CUS-00841,VEH-00335,2025-08-21,Hyundai,Creta,Bengaluru,Payment,Abandoned,Website
CHK-00569,CUS-00160,VEH-00079,2025-08-22,Hyundai,Creta,Chennai,Completed,Completed,Walk-in
CHK-00570,CUS-00181,VEH-00280,2025-08-22,Hyundai,Venue,Bengaluru,Completed,Completed,Mobile App
CHK-00571,CUS-01295,VEH-00301,2025-08-22,Hyundai,Creta,Hyderabad,Started,Started,Call Center
CHK-00572,CUS-01196,VEH-00335,2025-08-22,Hyundai,Creta,Bengaluru,Started,Abandoned,Mobile App
CHK-00573,CUS-01303,VEH-00707,2025-08-22,Tata,Punch,Hyderabad,Payment,Payment,Call Center
CHK-00574,CUS-00202,VEH-00305,2025-08-23,Hyundai,Creta,Chennai,Completed,Completed,Mobile App
CHK-00575,CUS-00164,VEH-00480,2025-08-23,Maruti Suzuki,Ertiga,Mumbai,Completed,Completed,Mobile App
CHK-00576,CUS-01376,VEH-00664,2025-08-23,Kia,Seltos,Gurgaon,Payment,Payment,Website
CHK-00577,CUS-01382,VEH-00253,2025-08-24,Maruti Suzuki,Ertiga,Gurgaon,Payment,Abandoned,Call Center
CHK-00578,CUS-01096,VEH-00305,2025-08-24,Hyundai,Creta,Chennai,Started,Started,Website
CHK-00579,CUS-00180,VEH-00969,2025-08-24,MG,Hector,Hyderabad,Completed,Completed,Website
CHK-00580,CUS-00201,VEH-00805,2025-08-25,Kia,Seltos,Gurgaon,Completed,Completed,Website
CHK-00581,CUS-00161,VEH-00833,2025-08-25,Maruti Suzuki,Baleno,Gurgaon,Completed,Completed,Website
CHK-00582,CUS-00196,VEH-00894,2025-08-25,Mahindra,XUV700,Gurgaon,Completed,Completed,Walk-in
CHK-00583,CUS-01079,VEH-00385,2025-08-27,Mahindra,Thar,Gurgaon,Payment,Payment,Call Center
CHK-00584,CUS-01343,VEH-00385,2025-08-27,Mahindra,Thar,Gurgaon,Payment,Payment,Mobile App
CHK-00585,CUS-01232,VEH-00404,2025-08-27,Mahindra,XUV700,Chennai,Payment,Abandoned,Website
CHK-00586,CUS-01102,VEH-00465,2025-08-27,Maruti Suzuki,Ertiga,Ahmedabad,Started,Started,Website
CHK-00587,CUS-01291,VEH-00634,2025-08-27,Maruti Suzuki,Ertiga,Delhi,Payment,Abandoned,Mobile App
CHK-00588,CUS-00786,VEH-00705,2025-08-27,Hyundai,Creta,Pune,Started,Abandoned,Walk-in
CHK-00589,CUS-00204,VEH-00357,2025-08-28,Maruti Suzuki,Ertiga,Hyderabad,Completed,Completed,Walk-in
CHK-00590,CUS-00159,VEH-00385,2025-08-28,Mahindra,Thar,Gurgaon,Completed,Completed,Website
CHK-00591,CUS-00169,VEH-00404,2025-08-28,Mahindra,XUV700,Chennai,Completed,Completed,Mobile App
CHK-00592,CUS-00914,VEH-00703,2025-08-29,Tata,Nexon,Ahmedabad,Started,Abandoned,Mobile App
CHK-00593,CUS-01110,VEH-00804,2025-08-29,Hyundai,Creta,Hyderabad,Started,Abandoned,Call Center
CHK-00594,CUS-01430,VEH-00145,2025-08-30,Volkswagen,Virtus,Chennai,Payment,Payment,Mobile App
CHK-00595,CUS-00231,VEH-00600,2025-08-30,Hyundai,Venue,Bengaluru,Completed,Completed,Walk-in
CHK-00596,CUS-01370,VEH-00079,2025-08-31,Hyundai,Creta,Chennai,Started,Started,Website
CHK-00597,CUS-01225,VEH-00171,2025-08-31,Hyundai,Venue,Bengaluru,Started,Abandoned,Call Center
CHK-00598,CUS-01097,VEH-00305,2025-08-31,Hyundai,Creta,Chennai,Payment,Abandoned,Mobile App
CHK-00599,CUS-01414,VEH-00475,2025-08-31,Tata,Nexon,Bengaluru,Payment,Abandoned,Website
CHK-00600,CUS-01359,VEH-00599,2025-08-31,Maruti Suzuki,Ertiga,Bengaluru,Payment,Abandoned,Call Center
CHK-00601,CUS-01155,VEH-00933,2025-08-31,Tata,Punch,Ahmedabad,Payment,Payment,Website
CHK-00602,CUS-00210,VEH-00944,2025-08-31,Maruti Suzuki,Baleno,Mumbai,Completed,Completed,Walk-in
CHK-00603,CUS-00192,VEH-00096,2025-09-01,Volkswagen,Virtus,Mumbai,Completed,Completed,Website
CHK-00604,CUS-00165,VEH-00136,2025-09-01,Hyundai,Venue,Pune,Completed,Completed,Mobile App
CHK-00605,CUS-00194,VEH-00744,2025-09-01,Toyota,Innova Hycross,Pune,Completed,Completed,Call Center
CHK-00606,CUS-01298,VEH-00861,2025-09-01,Hyundai,i20,Gurgaon,Payment,Abandoned,Call Center
CHK-00607,CUS-01041,VEH-00713,2025-09-02,Maruti Suzuki,Baleno,Ahmedabad,Started,Abandoned,Call Center
CHK-00608,CUS-01264,VEH-00713,2025-09-02,Maruti Suzuki,Baleno,Ahmedabad,Started,Abandoned,Walk-in
CHK-00609,CUS-00989,VEH-00848,2025-09-02,Tata,Nexon,Chennai,Started,Abandoned,Mobile App
CHK-00610,CUS-00173,VEH-00310,2025-09-03,Maruti Suzuki,Swift,Bengaluru,Completed,Completed,Website
CHK-00611,CUS-00947,VEH-00736,2025-09-03,Maruti Suzuki,Swift,Ahmedabad,Payment,Payment,Call Center
CHK-00612,CUS-00177,VEH-00144,2025-09-04,Maruti Suzuki,Ertiga,Chennai,Completed,Completed,Walk-in
CHK-00613,CUS-00781,VEH-00519,2025-09-04,Hyundai,Creta,Bengaluru,Started,Started,Mobile App
CHK-00614,CUS-00167,VEH-00736,2025-09-05,Maruti Suzuki,Swift,Ahmedabad,Completed,Completed,Walk-in
CHK-00615,CUS-01459,VEH-00280,2025-09-06,Hyundai,Venue,Bengaluru,Started,Abandoned,Walk-in
CHK-00616,CUS-00950,VEH-00736,2025-09-06,Maruti Suzuki,Swift,Ahmedabad,Payment,Payment,Walk-in
CHK-00617,CUS-00934,VEH-00033,2025-09-07,Mahindra,Thar,Gurgaon,Payment,Abandoned,Mobile App
CHK-00618,CUS-00191,VEH-00655,2025-09-07,Mahindra,Scorpio-N,Pune,Completed,Completed,Walk-in
CHK-00619,CUS-00912,VEH-00705,2025-09-07,Hyundai,Creta,Pune,Started,Abandoned,Website
CHK-00620,CUS-00804,VEH-00828,2025-09-07,Volkswagen,Virtus,Bengaluru,Started,Abandoned,Mobile App
CHK-00621,CUS-01362,VEH-00879,2025-09-07,Kia,Seltos,Delhi,Started,Abandoned,Mobile App
CHK-00622,CUS-01342,VEH-00239,2025-09-08,Mahindra,Thar,Pune,Payment,Payment,Call Center
CHK-00623,CUS-01447,VEH-00310,2025-09-08,Maruti Suzuki,Swift,Bengaluru,Payment,Payment,Call Center
CHK-00624,CUS-00848,VEH-00594,2025-09-08,Tata,Punch,Delhi,Payment,Payment,Website
CHK-00625,CUS-00209,VEH-00705,2025-09-08,Hyundai,Creta,Pune,Completed,Completed,Mobile App
CHK-00626,CUS-00948,VEH-00713,2025-09-08,Maruti Suzuki,Baleno,Ahmedabad,Started,Abandoned,Call Center
CHK-00627,CUS-01204,VEH-00797,2025-09-08,Tata,Punch,Chennai,Payment,Abandoned,Website
CHK-00628,CUS-01212,VEH-00093,2025-09-09,Hyundai,Creta,Delhi,Payment,Payment,Mobile App
CHK-00629,CUS-01152,VEH-00309,2025-09-09,Maruti Suzuki,Brezza,Chennai,Payment,Payment,Call Center
CHK-00630,CUS-01004,VEH-00918,2025-09-10,Hyundai,Creta,Mumbai,Started,Abandoned,Mobile App
CHK-00631,CUS-00792,VEH-00944,2025-09-10,Maruti Suzuki,Baleno,Mumbai,Payment,Abandoned,Website
CHK-00632,CUS-00207,VEH-00475,2025-09-11,Tata,Nexon,Bengaluru,Completed,Completed,Walk-in
CHK-00633,CUS-00186,VEH-00488,2025-09-11,Maruti Suzuki,Brezza,Mumbai,Completed,Completed,Mobile App
CHK-00634,CUS-01238,VEH-00051,2025-09-12,Mahindra,XUV700,Mumbai,Started,Abandoned,Website
CHK-00635,CUS-01082,VEH-00810,2025-09-12,Tata,Tiago,Pune,Started,Abandoned,Call Center
CHK-00636,CUS-01316,VEH-00718,2025-09-13,Maruti Suzuki,Swift,Delhi,Started,Abandoned,Mobile App
CHK-00637,CUS-01059,VEH-00488,2025-09-14,Maruti Suzuki,Brezza,Mumbai,Payment,Abandoned,Walk-in
CHK-00638,CUS-01421,VEH-00947,2025-09-15,Maruti Suzuki,Baleno,Pune,Payment,Payment,Mobile App
CHK-00639,CUS-01081,VEH-00462,2025-09-16,Tata,Punch,Gurgaon,Started,Started,Website
CHK-00640,CUS-00259,VEH-00774,2025-09-16,Maruti Suzuki,Swift,Ahmedabad,Completed,Completed,Walk-in
CHK-00641,CUS-00903,VEH-00705,2025-09-17,Hyundai,Creta,Pune,Started,Started,Call Center
CHK-00642,CUS-01164,VEH-00096,2025-09-18,Volkswagen,Virtus,Mumbai,Payment,Abandoned,Call Center
CHK-00643,CUS-01288,VEH-00944,2025-09-18,Maruti Suzuki,Baleno,Mumbai,Payment,Payment,Walk-in
CHK-00644,CUS-00235,VEH-00041,2025-09-19,Maruti Suzuki,Baleno,Gurgaon,Completed,Completed,Call Center
CHK-00645,CUS-00197,VEH-00179,2025-09-19,Tata,Nexon,Delhi,Completed,Completed,Walk-in
CHK-00646,CUS-01365,VEH-00179,2025-09-19,Tata,Nexon,Delhi,Payment,Abandoned,Website
CHK-00647,CUS-00188,VEH-00339,2025-09-20,Tata,Nexon,Gurgaon,Completed,Completed,Website
CHK-00648,CUS-01390,VEH-00425,2025-09-20,Maruti Suzuki,Ertiga,Chennai,Started,Abandoned,Walk-in
CHK-00649,CUS-00203,VEH-00465,2025-09-21,Maruti Suzuki,Ertiga,Ahmedabad,Completed,Completed,Mobile App
CHK-00650,CUS-01094,VEH-00810,2025-09-21,Tata,Tiago,Pune,Started,Started,Website
CHK-00651,CUS-00208,VEH-00947,2025-09-21,Maruti Suzuki,Baleno,Pune,Completed,Completed,Call Center
CHK-00652,CUS-00923,VEH-00961,2025-09-21,Maruti Suzuki,Brezza,Hyderabad,Payment,Abandoned,Walk-in
CHK-00653,CUS-01236,VEH-00703,2025-09-22,Tata,Nexon,Ahmedabad,Payment,Payment,Website
CHK-00654,CUS-01379,VEH-00805,2025-09-22,Kia,Seltos,Gurgaon,Started,Started,Mobile App
CHK-00655,CUS-00928,VEH-00488,2025-09-25,Maruti Suzuki,Brezza,Mumbai,Payment,Abandoned,Website
CHK-00656,CUS-01243,VEH-00860,2025-09-25,Tata,Punch,Chennai,Started,Started,Website
CHK-00657,CUS-01246,VEH-00085,2025-09-26,Maruti Suzuki,Baleno,Gurgaon,Started,Abandoned,Website
CHK-00658,CUS-01022,VEH-00384,2025-09-26,Maruti Suzuki,Swift,Gurgaon,Started,Started,Mobile App
CHK-00659,CUS-01080,VEH-00945,2025-09-26,Hyundai,Creta,Ahmedabad,Started,Abandoned,Website
CHK-00660,CUS-00187,VEH-00085,2025-09-27,Maruti Suzuki,Baleno,Gurgaon,Completed,Completed,Walk-in
CHK-00661,CUS-00863,VEH-00096,2025-09-27,Volkswagen,Virtus,Mumbai,Payment,Payment,Mobile App
CHK-00662,CUS-00995,VEH-00096,2025-09-27,Volkswagen,Virtus,Mumbai,Started,Started,Walk-in
CHK-00663,CUS-00993,VEH-00085,2025-09-28,Maruti Suzuki,Baleno,Gurgaon,Started,Started,Website
CHK-00664,CUS-00831,VEH-00096,2025-09-28,Volkswagen,Virtus,Mumbai,Started,Started,Mobile App
CHK-00665,CUS-00214,VEH-00384,2025-09-28,Maruti Suzuki,Swift,Gurgaon,Completed,Completed,Walk-in
CHK-00666,CUS-00872,VEH-00767,2025-09-28,Hyundai,Creta,Delhi,Payment,Payment,Website
CHK-00667,CUS-00944,VEH-00767,2025-09-28,Hyundai,Creta,Delhi,Started,Started,Website
CHK-00668,CUS-00930,VEH-00767,2025-09-29,Hyundai,Creta,Delhi,Started,Abandoned,Mobile App
CHK-00669,CUS-01321,VEH-00894,2025-09-29,Mahindra,XUV700,Gurgaon,Payment,Abandoned,Mobile App
CHK-00670,CUS-01252,VEH-00312,2025-09-30,Hyundai,Creta,Ahmedabad,Payment,Payment,Mobile App
CHK-00671,CUS-00195,VEH-00767,2025-09-30,Hyundai,Creta,Delhi,Completed,Completed,Walk-in
CHK-00672,CUS-00249,VEH-00883,2025-09-30,Mahindra,Thar,Delhi,Completed,Completed,Mobile App
CHK-00673,CUS-01386,VEH-00049,2025-10-01,Maruti Suzuki,Brezza,Pune,Payment,Abandoned,Mobile App
CHK-00674,CUS-01326,VEH-00419,2025-10-01,Maruti Suzuki,Baleno,Chennai,Payment,Payment,Call Center
CHK-00675,CUS-00909,VEH-00925,2025-10-01,Tata,Nexon,Mumbai,Started,Started,Website
CHK-00676,CUS-00795,VEH-00343,2025-10-02,Tata,Nexon,Delhi,Payment,Abandoned,Website
CHK-00677,CUS-01229,VEH-00767,2025-10-02,Hyundai,Creta,Delhi,Started,Abandoned,Mobile App
CHK-00678,CUS-01201,VEH-00093,2025-10-03,Hyundai,Creta,Delhi,Payment,Payment,Mobile App
CHK-00679,CUS-01380,VEH-00657,2025-10-03,Maruti Suzuki,Brezza,Bengaluru,Started,Abandoned,Mobile App
CHK-00680,CUS-01202,VEH-00759,2025-10-03,Hyundai,Creta,Bengaluru,Payment,Payment,Website
CHK-00681,CUS-01237,VEH-00370,2025-10-04,Hyundai,Creta,Mumbai,Payment,Abandoned,Mobile App
CHK-00682,CUS-00787,VEH-00462,2025-10-04,Tata,Punch,Gurgaon,Payment,Payment,Mobile App
CHK-00683,CUS-00277,VEH-00718,2025-10-04,Maruti Suzuki,Swift,Delhi,Completed,Completed,Mobile App
CHK-00684,CUS-00766,VEH-00049,2025-10-05,Maruti Suzuki,Brezza,Pune,Started,Started,Website
CHK-00685,CUS-01076,VEH-00049,2025-10-05,Maruti Suzuki,Brezza,Pune,Payment,Payment,Website
CHK-00686,CUS-00816,VEH-00594,2025-10-05,Tata,Punch,Delhi,Started,Started,Mobile App
CHK-00687,CUS-01216,VEH-00759,2025-10-05,Hyundai,Creta,Bengaluru,Started,Started,Website
CHK-00688,CUS-01033,VEH-00049,2025-10-06,Maruti Suzuki,Brezza,Pune,Started,Abandoned,Website
CHK-00689,CUS-00272,VEH-00093,2025-10-06,Hyundai,Creta,Delhi,Completed,Completed,Walk-in
CHK-00690,CUS-00846,VEH-00489,2025-10-06,Tata,Nexon,Gurgaon,Started,Started,Call Center
CHK-00691,CUS-00199,VEH-00049,2025-10-08,Maruti Suzuki,Brezza,Pune,Completed,Completed,Mobile App
CHK-00692,CUS-01039,VEH-00151,2025-10-08,Hyundai,i20,Mumbai,Payment,Abandoned,Website
CHK-00693,CUS-00224,VEH-00968,2025-10-08,Volkswagen,Virtus,Mumbai,Completed,Completed,Website
CHK-00694,CUS-01144,VEH-00047,2025-10-09,Maruti Suzuki,Baleno,Hyderabad,Payment,Payment,Mobile App
CHK-00695,CUS-01319,VEH-00064,2025-10-09,MG,Hector,Pune,Started,Abandoned,Website
CHK-00696,CUS-00250,VEH-00040,2025-10-10,Tata,Nexon,Mumbai,Completed,Completed,Walk-in
CHK-00697,CUS-01445,VEH-00357,2025-10-10,Maruti Suzuki,Ertiga,Hyderabad,Started,Started,Walk-in
CHK-00698,CUS-00220,VEH-00994,2025-10-10,Skoda,Kushaq,Chennai,Completed,Completed,Call Center
CHK-00699,CUS-01306,VEH-00994,2025-10-10,Skoda,Kushaq,Chennai,Payment,Payment,Call Center
CHK-00700,CUS-01128,VEH-00305,2025-10-11,Hyundai,Creta,Chennai,Started,Started,Mobile App
CHK-00701,CUS-00212,VEH-00419,2025-10-11,Maruti Suzuki,Baleno,Chennai,Completed,Completed,Walk-in
CHK-00702,CUS-01339,VEH-00879,2025-10-11,Kia,Seltos,Delhi,Started,Started,Mobile App
CHK-00703,CUS-00206,VEH-00283,2025-10-12,Volkswagen,Virtus,Hyderabad,Completed,Completed,Website
CHK-00704,CUS-01265,VEH-00690,2025-10-12,Tata,Punch,Bengaluru,Started,Abandoned,Mobile App
CHK-00705,CUS-00242,VEH-00759,2025-10-13,Hyundai,Creta,Bengaluru,Completed,Completed,Mobile App
CHK-00706,CUS-00788,VEH-00354,2025-10-14,Tata,Nexon,Bengaluru,Payment,Abandoned,Website
CHK-00707,CUS-01307,VEH-00705,2025-10-15,Hyundai,Creta,Pune,Started,Started,Walk-in
CHK-00708,CUS-00308,VEH-00925,2025-10-15,Tata,Nexon,Mumbai,Completed,Completed,Walk-in
CHK-00709,CUS-00213,VEH-00828,2025-10-16,Volkswagen,Virtus,Bengaluru,Completed,Completed,Walk-in
CHK-00710,CUS-01127,VEH-00863,2025-10-16,Tata,Nexon,Mumbai,Payment,Abandoned,Walk-in
CHK-00711,CUS-00234,VEH-00005,2025-10-17,Tata,Nexon,Mumbai,Completed,Completed,Website
CHK-00712,CUS-00217,VEH-00029,2025-10-17,Kia,Seltos,Delhi,Completed,Completed,Walk-in
CHK-00713,CUS-00223,VEH-00863,2025-10-17,Tata,Nexon,Mumbai,Completed,Completed,Mobile App
CHK-00714,CUS-00262,VEH-00021,2025-10-18,Hyundai,i20,Hyderabad,Completed,Completed,Walk-in
CHK-00715,CUS-00219,VEH-00147,2025-10-18,Skoda,Kushaq,Ahmedabad,Completed,Completed,Website
CHK-00716,CUS-01086,VEH-00634,2025-10-18,Maruti Suzuki,Ertiga,Delhi,Payment,Abandoned,Call Center
CHK-00717,CUS-00238,VEH-00051,2025-10-19,Mahindra,XUV700,Mumbai,Completed,Completed,Call Center
CHK-00718,CUS-01378,VEH-00134,2025-10-19,Hyundai,Creta,Mumbai,Payment,Payment,Mobile App
CHK-00719,CUS-00211,VEH-00308,2025-10-19,Toyota,Innova Hycross,Hyderabad,Completed,Completed,Mobile App
CHK-00720,CUS-00216,VEH-00961,2025-10-19,Maruti Suzuki,Brezza,Hyderabad,Completed,Completed,Website
CHK-00721,CUS-01025,VEH-00020,2025-10-20,Maruti Suzuki,Baleno,Chennai,Payment,Payment,Website
CHK-00722,CUS-00222,VEH-00418,2025-10-20,Kia,Seltos,Mumbai,Completed,Completed,Website
CHK-00723,CUS-00257,VEH-00985,2025-10-20,Maruti Suzuki,Brezza,Chennai,Completed,Completed,Website
CHK-00724,CUS-00225,VEH-00118,2025-10-21,Maruti Suzuki,Ertiga,Bengaluru,Completed,Completed,Mobile App
CHK-00725,CUS-00901,VEH-00236,2025-10-21,Kia,Seltos,Delhi,Payment,Abandoned,Mobile App
CHK-00726,CUS-01187,VEH-00791,2025-10-21,Tata,Tiago,Hyderabad,Started,Abandoned,Website
CHK-00727,CUS-00248,VEH-00064,2025-10-22,MG,Hector,Pune,Completed,Completed,Website
CHK-00728,CUS-00228,VEH-00151,2025-10-22,Hyundai,i20,Mumbai,Completed,Completed,Mobile App
CHK-00729,CUS-01169,VEH-00317,2025-10-23,Maruti Suzuki,Baleno,Pune,Started,Started,Website
CHK-00730,CUS-01120,VEH-00461,2025-10-23,Maruti Suzuki,Brezza,Ahmedabad,Started,Abandoned,Website
CHK-00731,CUS-00233,VEH-00976,2025-10-24,Volkswagen,Virtus,Delhi,Completed,Completed,Website
CHK-00732,CUS-00922,VEH-00065,2025-10-25,Toyota,Innova Hycross,Chennai,Started,Abandoned,Mobile App
CHK-00733,CUS-00875,VEH-00411,2025-10-25,Tata,Punch,Mumbai,Started,Started,Mobile App
CHK-00734,CUS-00978,VEH-00603,2025-10-25,Tata,Tiago,Ahmedabad,Payment,Abandoned,Mobile App
CHK-00735,CUS-01273,VEH-00197,2025-10-26,Maruti Suzuki,Swift,Pune,Payment,Payment,Walk-in
CHK-00736,CUS-01404,VEH-00236,2025-10-26,Kia,Seltos,Delhi,Payment,Abandoned,Walk-in
CHK-00737,CUS-00828,VEH-00343,2025-10-26,Tata,Nexon,Delhi,Payment,Abandoned,Website
CHK-00738,CUS-00256,VEH-00980,2025-10-26,Mahindra,XUV700,Mumbai,Completed,Completed,Walk-in
CHK-00739,CUS-01160,VEH-00134,2025-10-28,Hyundai,Creta,Mumbai,Payment,Abandoned,Walk-in
CHK-00740,CUS-01443,VEH-00197,2025-10-28,Maruti Suzuki,Swift,Pune,Started,Abandoned,Mobile App
CHK-00741,CUS-00240,VEH-00962,2025-10-28,Mahindra,Scorpio-N,Delhi,Completed,Completed,Walk-in
CHK-00742,CUS-01286,VEH-00494,2025-10-29,Maruti Suzuki,Swift,Mumbai,Payment,Payment,Mobile App
CHK-00743,CUS-01297,VEH-00021,2025-10-30,Hyundai,i20,Hyderabad,Payment,Payment,Website
CHK-00744,CUS-00769,VEH-00041,2025-10-30,Maruti Suzuki,Baleno,Gurgaon,Payment,Abandoned,Call Center
CHK-00745,CUS-00321,VEH-00106,2025-10-30,Hyundai,i20,Chennai,Completed,Completed,Mobile App
CHK-00746,CUS-00842,VEH-00883,2025-10-30,Mahindra,Thar,Delhi,Started,Abandoned,Website
CHK-00747,CUS-01371,VEH-00976,2025-10-30,Volkswagen,Virtus,Delhi,Payment,Abandoned,Walk-in
CHK-00748,CUS-01018,VEH-00489,2025-11-01,Tata,Nexon,Gurgaon,Started,Started,Mobile App
CHK-00749,CUS-01051,VEH-00554,2025-11-01,Kia,Seltos,Hyderabad,Started,Started,Mobile App
CHK-00750,CUS-01405,VEH-00572,2025-11-01,Maruti Suzuki,Brezza,Delhi,Started,Started,Mobile App
CHK-00751,CUS-01350,VEH-00652,2025-11-01,Hyundai,i20,Gurgaon,Started,Started,Website
CHK-00752,CUS-01330,VEH-00209,2025-11-02,Hyundai,Venue,Bengaluru,Started,Abandoned,Website
CHK-00753,CUS-01235,VEH-00378,2025-11-02,Tata,Nexon,Ahmedabad,Payment,Abandoned,Walk-in
CHK-00754,CUS-00282,VEH-00065,2025-11-03,Toyota,Innova Hycross,Chennai,Completed,Completed,Walk-in
CHK-00755,CUS-00226,VEH-00197,2025-11-03,Maruti Suzuki,Swift,Pune,Completed,Completed,Call Center
CHK-00756,CUS-01111,VEH-00634,2025-11-03,Maruti Suzuki,Ertiga,Delhi,Started,Abandoned,Mobile App
CHK-00757,CUS-01248,VEH-00945,2025-11-03,Hyundai,Creta,Ahmedabad,Payment,Payment,Website
CHK-00758,CUS-01056,VEH-00773,2025-11-04,Maruti Suzuki,Baleno,Chennai,Started,Abandoned,Mobile App
CHK-00759,CUS-00232,VEH-00907,2025-11-04,Maruti Suzuki,Baleno,Hyderabad,Completed,Completed,Walk-in
CHK-00760,CUS-01161,VEH-00925,2025-11-04,Tata,Nexon,Mumbai,Started,Abandoned,Mobile App
CHK-00761,CUS-00851,VEH-00058,2025-11-05,Hyundai,Creta,Mumbai,Payment,Payment,Website
CHK-00762,CUS-00229,VEH-00209,2025-11-05,Hyundai,Venue,Bengaluru,Completed,Completed,Walk-in
CHK-00763,CUS-00230,VEH-00572,2025-11-05,Maruti Suzuki,Brezza,Delhi,Completed,Completed,Mobile App
CHK-00764,CUS-01157,VEH-00641,2025-11-05,Tata,Nexon,Pune,Started,Abandoned,Website
CHK-00765,CUS-00959,VEH-00058,2025-11-06,Hyundai,Creta,Mumbai,Payment,Abandoned,Mobile App
CHK-00766,CUS-00251,VEH-00145,2025-11-06,Volkswagen,Virtus,Chennai,Completed,Completed,Website
CHK-00767,CUS-01325,VEH-00209,2025-11-06,Hyundai,Venue,Bengaluru,Started,Started,Website
CHK-00768,CUS-01285,VEH-00572,2025-11-06,Maruti Suzuki,Brezza,Delhi,Started,Started,Call Center
CHK-00769,CUS-00794,VEH-00058,2025-11-07,Hyundai,Creta,Mumbai,Payment,Payment,Mobile App
CHK-00770,CUS-01006,VEH-00062,2025-11-07,Hyundai,Venue,Mumbai,Started,Abandoned,Website
CHK-00771,CUS-01315,VEH-00479,2025-11-08,Tata,Nexon,Ahmedabad,Payment,Abandoned,Walk-in
CHK-00772,CUS-01281,VEH-00609,2025-11-08,Tata,Tiago,Ahmedabad,Payment,Abandoned,Call Center
CHK-00773,CUS-00997,VEH-00945,2025-11-08,Hyundai,Creta,Ahmedabad,Started,Started,Mobile App
CHK-00774,CUS-00236,VEH-00058,2025-11-09,Hyundai,Creta,Mumbai,Completed,Completed,Walk-in
CHK-00775,CUS-01132,VEH-00058,2025-11-09,Hyundai,Creta,Mumbai,Started,Abandoned,Walk-in
CHK-00776,CUS-01159,VEH-00428,2025-11-09,Hyundai,Creta,Hyderabad,Started,Started,Website
CHK-00777,CUS-01107,VEH-00549,2025-11-09,Hyundai,Creta,Pune,Started,Started,Call Center
CHK-00778,CUS-00273,VEH-00577,2025-11-09,Mahindra,XUV700,Hyderabad,Completed,Completed,Walk-in
CHK-00779,CUS-01206,VEH-00985,2025-11-09,Maruti Suzuki,Brezza,Chennai,Started,Abandoned,Website
CHK-00780,CUS-01292,VEH-00225,2025-11-10,Tata,Tiago,Hyderabad,Payment,Abandoned,Mobile App
CHK-00781,CUS-01091,VEH-00370,2025-11-10,Hyundai,Creta,Mumbai,Started,Abandoned,Walk-in
CHK-00782,CUS-00263,VEH-00479,2025-11-10,Tata,Nexon,Ahmedabad,Completed,Completed,Mobile App
CHK-00783,CUS-00852,VEH-00487,2025-11-10,Tata,Nexon,Hyderabad,Payment,Abandoned,Website
CHK-00784,CUS-01182,VEH-00912,2025-11-10,Maruti Suzuki,Baleno,Bengaluru,Started,Started,Mobile App
CHK-00785,CUS-01183,VEH-00058,2025-11-11,Hyundai,Creta,Mumbai,Started,Abandoned,Mobile App
CHK-00786,CUS-01255,VEH-00058,2025-11-11,Hyundai,Creta,Mumbai,Started,Abandoned,Mobile App
CHK-00787,CUS-00956,VEH-00143,2025-11-11,Hyundai,Creta,Chennai,Started,Abandoned,Website
CHK-00788,CUS-01021,VEH-00143,2025-11-11,Hyundai,Creta,Chennai,Started,Started,Website
CHK-00789,CUS-01148,VEH-00143,2025-11-11,Hyundai,Creta,Chennai,Started,Abandoned,Website
CHK-00790,CUS-01024,VEH-00479,2025-11-11,Tata,Nexon,Ahmedabad,Started,Abandoned,Walk-in
CHK-00791,CUS-00789,VEH-00489,2025-11-11,Tata,Nexon,Gurgaon,Started,Abandoned,Website
CHK-00792,CUS-00237,VEH-00945,2025-11-11,Hyundai,Creta,Ahmedabad,Completed,Completed,Mobile App
CHK-00793,CUS-00985,VEH-00051,2025-11-12,Mahindra,XUV700,Mumbai,Started,Started,Website
CHK-00794,CUS-00239,VEH-00226,2025-11-12,Hyundai,Venue,Mumbai,Completed,Completed,Mobile App
CHK-00795,CUS-01263,VEH-00518,2025-11-12,Maruti Suzuki,Baleno,Hyderabad,Started,Started,Website
CHK-00796,CUS-00827,VEH-00883,2025-11-12,Mahindra,Thar,Delhi,Started,Started,Call Center
CHK-00797,CUS-00258,VEH-00062,2025-11-13,Hyundai,Venue,Mumbai,Completed,Completed,Call Center
CHK-00798,CUS-01412,VEH-00064,2025-11-13,MG,Hector,Pune,Payment,Abandoned,Website
CHK-00799,CUS-00770,VEH-00143,2025-11-13,Hyundai,Creta,Chennai,Started,Started,Mobile App
CHK-00800,CUS-01150,VEH-00143,2025-11-13,Hyundai,Creta,Chennai,Started,Abandoned,Website
CHK-00801,CUS-01209,VEH-00883,2025-11-13,Mahindra,Thar,Delhi,Started,Abandoned,Call Center
CHK-00802,CUS-00241,VEH-00143,2025-11-14,Hyundai,Creta,Chennai,Completed,Completed,Website
CHK-00803,CUS-01226,VEH-00143,2025-11-14,Hyundai,Creta,Chennai,Started,Started,Website
CHK-00804,CUS-00798,VEH-00199,2025-11-14,Toyota,Innova Hycross,Delhi,Payment,Abandoned,Call Center
CHK-00805,CUS-00244,VEH-00378,2025-11-14,Tata,Nexon,Ahmedabad,Completed,Completed,Website
CHK-00806,CUS-01147,VEH-00386,2025-11-14,Tata,Nexon,Delhi,Payment,Payment,Walk-in
CHK-00807,CUS-01031,VEH-00428,2025-11-14,Hyundai,Creta,Hyderabad,Payment,Abandoned,Website
CHK-00808,CUS-00327,VEH-00549,2025-11-14,Hyundai,Creta,Pune,Completed,Completed,Mobile App
CHK-00809,CUS-00246,VEH-00031,2025-11-15,Hyundai,Creta,Pune,Completed,Completed,Website
CHK-00810,CUS-01098,VEH-00143,2025-11-15,Hyundai,Creta,Chennai,Payment,Payment,Website
CHK-00811,CUS-01108,VEH-00325,2025-11-15,Hyundai,i20,Chennai,Started,Started,Website
CHK-00812,CUS-01103,VEH-00623,2025-11-15,Hyundai,Creta,Hyderabad,Started,Abandoned,Mobile App
CHK-00813,CUS-01250,VEH-00214,2025-11-16,Maruti Suzuki,Baleno,Hyderabad,Started,Started,Walk-in
CHK-00814,CUS-01174,VEH-00093,2025-11-17,Hyundai,Creta,Delhi,Payment,Payment,Mobile App
CHK-00815,CUS-00243,VEH-00200,2025-11-17,Maruti Suzuki,Swift,Bengaluru,Completed,Completed,Walk-in
CHK-00816,CUS-01403,VEH-00246,2025-11-17,Tata,Tiago,Delhi,Started,Abandoned,Website
CHK-00817,CUS-00247,VEH-00364,2025-11-17,Maruti Suzuki,Baleno,Ahmedabad,Completed,Completed,Call Center
CHK-00818,CUS-00818,VEH-00364,2025-11-17,Maruti Suzuki,Baleno,Ahmedabad,Payment,Abandoned,Mobile App
CHK-00819,CUS-01355,VEH-00364,2025-11-17,Maruti Suzuki,Baleno,Ahmedabad,Started,Started,Website
CHK-00820,CUS-00245,VEH-00489,2025-11-17,Tata,Nexon,Gurgaon,Completed,Completed,Walk-in
CHK-00821,CUS-01230,VEH-00623,2025-11-17,Hyundai,Creta,Hyderabad,Started,Abandoned,Mobile App
CHK-00822,CUS-01363,VEH-00685,2025-11-17,Maruti Suzuki,Brezza,Pune,Started,Started,Walk-in
CHK-00823,CUS-01049,VEH-00810,2025-11-17,Tata,Tiago,Pune,Started,Started,Call Center
CHK-00824,CUS-00254,VEH-00900,2025-11-17,Maruti Suzuki,Baleno,Hyderabad,Completed,Completed,Walk-in
CHK-00825,CUS-01063,VEH-00031,2025-11-18,Hyundai,Creta,Pune,Payment,Payment,Walk-in
CHK-00826,CUS-01222,VEH-00031,2025-11-18,Hyundai,Creta,Pune,Payment,Payment,Call Center
CHK-00827,CUS-01372,VEH-00623,2025-11-18,Hyundai,Creta,Hyderabad,Payment,Abandoned,Mobile App
CHK-00828,CUS-00268,VEH-00057,2025-11-19,Hyundai,Creta,Mumbai,Completed,Completed,Mobile App
CHK-00829,CUS-01438,VEH-00057,2025-11-19,Hyundai,Creta,Mumbai,Started,Started,Mobile App
CHK-00830,CUS-00252,VEH-00205,2025-11-19,Maruti Suzuki,Ertiga,Pune,Completed,Completed,Mobile App
CHK-00831,CUS-00253,VEH-00623,2025-11-19,Hyundai,Creta,Hyderabad,Completed,Completed,Call Center
CHK-00832,CUS-01145,VEH-00623,2025-11-19,Hyundai,Creta,Hyderabad,Payment,Abandoned,Mobile App
CHK-00833,CUS-00271,VEH-00784,2025-11-19,Maruti Suzuki,Baleno,Bengaluru,Completed,Completed,Mobile App
CHK-00834,CUS-00292,VEH-00846,2025-11-19,Maruti Suzuki,Ertiga,Mumbai,Completed,Completed,Walk-in
CHK-00835,CUS-00873,VEH-00925,2025-11-19,Tata,Nexon,Mumbai,Payment,Abandoned,Website
CHK-00836,CUS-01293,VEH-00386,2025-11-20,Tata,Nexon,Delhi,Payment,Payment,Website
CHK-00837,CUS-00261,VEH-00439,2025-11-21,Maruti Suzuki,Brezza,Chennai,Completed,Completed,Walk-in
CHK-00838,CUS-01396,VEH-00623,2025-11-21,Hyundai,Creta,Hyderabad,Payment,Abandoned,Website
CHK-00839,CUS-01415,VEH-00830,2025-11-21,Tata,Tiago,Bengaluru,Started,Started,Website
CHK-00840,CUS-00255,VEH-00035,2025-11-22,Volkswagen,Virtus,Gurgaon,Completed,Completed,Mobile App
CHK-00841,CUS-01189,VEH-00093,2025-11-22,Hyundai,Creta,Delhi,Started,Started,Website
CHK-00842,CUS-00294,VEH-00412,2025-11-22,Maruti Suzuki,Ertiga,Gurgaon,Completed,Completed,Mobile App
CHK-00843,CUS-00762,VEH-00479,2025-11-22,Tata,Nexon,Ahmedabad,Payment,Payment,Website
CHK-00844,CUS-00819,VEH-00577,2025-11-22,Mahindra,XUV700,Hyderabad,Started,Abandoned,Website
CHK-00845,CUS-00772,VEH-00623,2025-11-22,Hyundai,Creta,Hyderabad,Started,Started,Walk-in
CHK-00846,CUS-00793,VEH-00214,2025-11-23,Maruti Suzuki,Baleno,Hyderabad,Started,Abandoned,Website
CHK-00847,CUS-01409,VEH-00380,2025-11-23,Tata,Nexon,Bengaluru,Payment,Payment,Walk-in
CHK-00848,CUS-01427,VEH-00980,2025-11-23,Mahindra,XUV700,Mumbai,Payment,Abandoned,Walk-in
CHK-00849,CUS-01089,VEH-00021,2025-11-24,Hyundai,i20,Hyderabad,Payment,Abandoned,Website
CHK-00850,CUS-01054,VEH-00784,2025-11-24,Maruti Suzuki,Baleno,Bengaluru,Payment,Abandoned,Call Center
CHK-00851,CUS-00957,VEH-00057,2025-11-25,Hyundai,Creta,Mumbai,Payment,Payment,Website
CHK-00852,CUS-01457,VEH-00057,2025-11-25,Hyundai,Creta,Mumbai,Payment,Payment,Website
CHK-00853,CUS-00289,VEH-00252,2025-11-25,Hyundai,Venue,Pune,Completed,Completed,Mobile App
CHK-00854,CUS-01401,VEH-00532,2025-11-25,Hyundai,i20,Ahmedabad,Payment,Abandoned,Mobile App
CHK-00855,CUS-00274,VEH-00616,2025-11-25,Toyota,Innova Hycross,Pune,Completed,Completed,Mobile App
CHK-00856,CUS-00313,VEH-00866,2025-11-25,Tata,Nexon,Pune,Completed,Completed,Walk-in
CHK-00857,CUS-00782,VEH-00917,2025-11-25,Hyundai,Creta,Mumbai,Started,Abandoned,Website
CHK-00858,CUS-01090,VEH-00137,2025-11-26,Maruti Suzuki,Ertiga,Chennai,Started,Started,Mobile App
CHK-00859,CUS-01197,VEH-00616,2025-11-26,Toyota,Innova Hycross,Pune,Started,Started,Call Center
CHK-00860,CUS-01413,VEH-00646,2025-11-26,Mahindra,Scorpio-N,Bengaluru,Started,Abandoned,Walk-in
CHK-00861,CUS-00982,VEH-00057,2025-11-27,Hyundai,Creta,Mumbai,Payment,Payment,Mobile App
CHK-00862,CUS-01425,VEH-00187,2025-11-27,Tata,Nexon,Delhi,Started,Started,Website
CHK-00863,CUS-00266,VEH-00292,2025-11-27,Honda,City,Hyderabad,Completed,Completed,Website
CHK-00864,CUS-00812,VEH-00292,2025-11-27,Honda,City,Hyderabad,Started,Started,Mobile App
CHK-00865,CUS-00319,VEH-00428,2025-11-27,Hyundai,Creta,Hyderabad,Completed,Completed,Walk-in
CHK-00866,CUS-00269,VEH-00568,2025-11-27,Maruti Suzuki,Brezza,Bengaluru,Completed,Completed,Website
CHK-00867,CUS-00264,VEH-00912,2025-11-27,Maruti Suzuki,Baleno,Bengaluru,Completed,Completed,Mobile App
CHK-00868,CUS-00260,VEH-00199,2025-11-28,Toyota,Innova Hycross,Delhi,Completed,Completed,Walk-in
CHK-00869,CUS-00874,VEH-00132,2025-11-29,Maruti Suzuki,Brezza,Delhi,Payment,Payment,Mobile App
CHK-00870,CUS-01203,VEH-00423,2025-11-29,Tata,Nexon,Mumbai,Payment,Payment,Walk-in
CHK-00871,CUS-01322,VEH-00428,2025-11-29,Hyundai,Creta,Hyderabad,Started,Started,Mobile App
CHK-00872,CUS-01387,VEH-00687,2025-11-29,Mahindra,Thar,Bengaluru,Started,Started,Website
CHK-00873,CUS-01452,VEH-00687,2025-11-29,Mahindra,Thar,Bengaluru,Started,Abandoned,Walk-in
CHK-00874,CUS-00276,VEH-00970,2025-11-29,Tata,Nexon,Delhi,Completed,Completed,Walk-in
CHK-00875,CUS-00265,VEH-00214,2025-11-30,Maruti Suzuki,Baleno,Hyderabad,Completed,Completed,Walk-in
CHK-00876,CUS-00291,VEH-00386,2025-11-30,Tata,Nexon,Delhi,Completed,Completed,Mobile App
CHK-00877,CUS-00322,VEH-00487,2025-11-30,Tata,Nexon,Hyderabad,Completed,Completed,Website
CHK-00878,CUS-00310,VEH-00554,2025-11-30,Kia,Seltos,Hyderabad,Completed,Completed,Walk-in
CHK-00879,CUS-00280,VEH-00016,2025-12-01,BMW,3 Series,Hyderabad,Completed,Completed,Mobile App
CHK-00880,CUS-01124,VEH-00386,2025-12-01,Tata,Nexon,Delhi,Payment,Payment,Website
CHK-00881,CUS-00267,VEH-00532,2025-12-01,Hyundai,i20,Ahmedabad,Completed,Completed,Mobile App
CHK-00882,CUS-01422,VEH-00584,2025-12-01,Mahindra,XUV700,Bengaluru,Started,Abandoned,Walk-in
CHK-00883,CUS-00270,VEH-00687,2025-12-01,Mahindra,Thar,Bengaluru,Completed,Completed,Walk-in
CHK-00884,CUS-00768,VEH-00687,2025-12-01,Mahindra,Thar,Bengaluru,Started,Abandoned,Call Center
CHK-00885,CUS-01393,VEH-00687,2025-12-01,Mahindra,Thar,Bengaluru,Started,Abandoned,Mobile App
CHK-00886,CUS-01394,VEH-00970,2025-12-01,Tata,Nexon,Delhi,Payment,Payment,Website
CHK-00887,CUS-01072,VEH-00240,2025-12-02,Hyundai,Creta,Chennai,Payment,Payment,Mobile App
CHK-00888,CUS-00312,VEH-00247,2025-12-02,Hyundai,Creta,Mumbai,Completed,Completed,Mobile App
CHK-00889,CUS-00296,VEH-00653,2025-12-02,Kia,Seltos,Gurgaon,Completed,Completed,Walk-in
CHK-00890,CUS-01162,VEH-00970,2025-12-02,Tata,Nexon,Delhi,Started,Abandoned,Walk-in
CHK-00891,CUS-01119,VEH-00065,2025-12-03,Toyota,Innova Hycross,Chennai,Started,Abandoned,Mobile App
CHK-00892,CUS-01223,VEH-00106,2025-12-03,Hyundai,i20,Chennai,Payment,Payment,Website
CHK-00893,CUS-00884,VEH-00187,2025-12-03,Tata,Nexon,Delhi,Payment,Payment,Walk-in
CHK-00894,CUS-00283,VEH-00423,2025-12-03,Tata,Nexon,Mumbai,Completed,Completed,Walk-in
CHK-00895,CUS-00966,VEH-00494,2025-12-03,Maruti Suzuki,Swift,Mumbai,Payment,Abandoned,Website
CHK-00896,CUS-00287,VEH-00582,2025-12-03,Tata,Nexon,Hyderabad,Completed,Completed,Walk-in
CHK-00897,CUS-00843,VEH-00685,2025-12-03,Maruti Suzuki,Brezza,Pune,Started,Abandoned,Mobile App
CHK-00898,CUS-01314,VEH-00687,2025-12-03,Mahindra,Thar,Bengaluru,Started,Abandoned,Mobile App
CHK-00899,CUS-01011,VEH-00240,2025-12-04,Hyundai,Creta,Chennai,Payment,Abandoned,Mobile App
CHK-00900,CUS-00932,VEH-00325,2025-12-04,Hyundai,i20,Chennai,Payment,Payment,Website
CHK-00901,CUS-01455,VEH-00380,2025-12-04,Tata,Nexon,Bengaluru,Payment,Payment,Website
CHK-00902,CUS-01402,VEH-00065,2025-12-05,Toyota,Innova Hycross,Chennai,Payment,Payment,Mobile App
CHK-00903,CUS-00281,VEH-00173,2025-12-05,Maruti Suzuki,Swift,Pune,Completed,Completed,Website
CHK-00904,CUS-01388,VEH-00173,2025-12-05,Maruti Suzuki,Swift,Pune,Started,Abandoned,Website
CHK-00905,CUS-01057,VEH-00317,2025-12-05,Maruti Suzuki,Baleno,Pune,Started,Abandoned,Walk-in
CHK-00906,CUS-01034,VEH-00325,2025-12-05,Hyundai,i20,Chennai,Payment,Abandoned,Website
CHK-00907,CUS-00298,VEH-00370,2025-12-05,Hyundai,Creta,Mumbai,Completed,Completed,Mobile App
CHK-00908,CUS-01211,VEH-00560,2025-12-05,Mahindra,Thar,Delhi,Payment,Abandoned,Walk-in
CHK-00909,CUS-00279,VEH-00646,2025-12-05,Mahindra,Scorpio-N,Bengaluru,Completed,Completed,Walk-in
CHK-00910,CUS-01377,VEH-00653,2025-12-05,Kia,Seltos,Gurgaon,Payment,Payment,Walk-in
CHK-00911,CUS-01027,VEH-00984,2025-12-05,Tata,Punch,Delhi,Payment,Payment,Mobile App
CHK-00912,CUS-00278,VEH-00134,2025-12-06,Hyundai,Creta,Mumbai,Completed,Completed,Call Center
CHK-00913,CUS-00960,VEH-00173,2025-12-06,Maruti Suzuki,Swift,Pune,Payment,Abandoned,Website
CHK-00914,CUS-00275,VEH-00187,2025-12-06,Tata,Nexon,Delhi,Completed,Completed,Mobile App
CHK-00915,CUS-01272,VEH-00240,2025-12-06,Hyundai,Creta,Chennai,Payment,Abandoned,Website
CHK-00916,CUS-00299,VEH-00380,2025-12-06,Tata,Nexon,Bengaluru,Completed,Completed,Mobile App
CHK-00917,CUS-01234,VEH-00653,2025-12-06,Kia,Seltos,Gurgaon,Started,Abandoned,Walk-in
CHK-00918,CUS-00850,VEH-00003,2025-12-07,Tata,Punch,Pune,Payment,Abandoned,Mobile App
CHK-00919,CUS-01453,VEH-00132,2025-12-07,Maruti Suzuki,Brezza,Delhi,Started,Abandoned,Website
CHK-00920,CUS-00285,VEH-00338,2025-12-07,Maruti Suzuki,Swift,Mumbai,Completed,Completed,Website
CHK-00921,CUS-01356,VEH-00338,2025-12-07,Maruti Suzuki,Swift,Mumbai,Payment,Abandoned,Mobile App
CHK-00922,CUS-01005,VEH-00905,2025-12-07,Hyundai,Creta,Bengaluru,Started,Started,Walk-in
CHK-00923,CUS-00307,VEH-00917,2025-12-07,Hyundai,Creta,Mumbai,Completed,Completed,Walk-in
CHK-00924,CUS-00316,VEH-00560,2025-12-08,Mahindra,Thar,Delhi,Completed,Completed,Walk-in
CHK-00925,CUS-00284,VEH-00799,2025-12-08,Honda,City,Chennai,Completed,Completed,Walk-in
CHK-00926,CUS-00854,VEH-00087,2025-12-09,Hyundai,Creta,Pune,Started,Started,Website
CHK-00927,CUS-01122,VEH-00208,2025-12-09,Maruti Suzuki,Brezza,Bengaluru,Started,Abandoned,Mobile App
CHK-00928,CUS-01123,VEH-00423,2025-12-09,Tata,Nexon,Mumbai,Started,Started,Website
CHK-00929,CUS-00300,VEH-00430,2025-12-09,Tata,Nexon,Mumbai,Completed,Completed,Walk-in
CHK-00930,CUS-00315,VEH-00485,2025-12-09,Kia,Seltos,Gurgaon,Completed,Completed,Walk-in
CHK-00931,CUS-01410,VEH-00016,2025-12-10,BMW,3 Series,Hyderabad,Started,Started,Mobile App
CHK-00932,CUS-00910,VEH-00799,2025-12-10,Honda,City,Chennai,Payment,Abandoned,Walk-in
CHK-00933,CUS-01428,VEH-00191,2025-12-11,Volkswagen,Virtus,Mumbai,Payment,Abandoned,Walk-in
CHK-00934,CUS-01017,VEH-00225,2025-12-11,Tata,Tiago,Hyderabad,Started,Started,Mobile App
CHK-00935,CUS-01437,VEH-00423,2025-12-11,Tata,Nexon,Mumbai,Started,Started,Website
CHK-00936,CUS-00324,VEH-00343,2025-12-12,Tata,Nexon,Delhi,Completed,Completed,Walk-in
CHK-00937,CUS-01035,VEH-00386,2025-12-12,Tata,Nexon,Delhi,Payment,Abandoned,Mobile App
CHK-00938,CUS-01411,VEH-00917,2025-12-12,Hyundai,Creta,Mumbai,Started,Abandoned,Website
CHK-00939,CUS-01367,VEH-00984,2025-12-12,Tata,Punch,Delhi,Started,Abandoned,Website
CHK-00940,CUS-00813,VEH-00240,2025-12-13,Hyundai,Creta,Chennai,Started,Abandoned,Walk-in
CHK-00941,CUS-01302,VEH-00240,2025-12-13,Hyundai,Creta,Chennai,Started,Started,Website
CHK-00942,CUS-00305,VEH-00317,2025-12-13,Maruti Suzuki,Baleno,Pune,Completed,Completed,Walk-in
CHK-00943,CUS-01210,VEH-00380,2025-12-13,Tata,Nexon,Bengaluru,Payment,Payment,Call Center
CHK-00944,CUS-00295,VEH-00564,2025-12-13,Honda,City,Hyderabad,Completed,Completed,Walk-in
CHK-00945,CUS-00837,VEH-00758,2025-12-13,Hyundai,Creta,Pune,Started,Abandoned,Website
CHK-00946,CUS-01282,VEH-00758,2025-12-13,Hyundai,Creta,Pune,Started,Started,Website
CHK-00947,CUS-00286,VEH-00890,2025-12-13,Mahindra,XUV700,Chennai,Completed,Completed,Website
CHK-00948,CUS-00303,VEH-00087,2025-12-14,Hyundai,Creta,Pune,Completed,Completed,Walk-in
CHK-00949,CUS-01099,VEH-00314,2025-12-14,Mahindra,Scorpio-N,Delhi,Started,Abandoned,Mobile App
CHK-00950,CUS-01407,VEH-00560,2025-12-14,Mahindra,Thar,Delhi,Payment,Payment,Website
CHK-00951,CUS-00306,VEH-00261,2025-12-15,Maruti Suzuki,Swift,Mumbai,Completed,Completed,Walk-in
CHK-00952,CUS-00935,VEH-00380,2025-12-15,Tata,Nexon,Bengaluru,Started,Abandoned,Mobile App
CHK-00953,CUS-00886,VEH-00838,2025-12-15,Volkswagen,Virtus,Mumbai,Started,Started,Website
CHK-00954,CUS-00288,VEH-00899,2025-12-15,Maruti Suzuki,Baleno,Chennai,Completed,Completed,Walk-in
CHK-00955,CUS-00849,VEH-00039,2025-12-16,Tata,Punch,Mumbai,Payment,Abandoned,Walk-in
CHK-00956,CUS-01053,VEH-00240,2025-12-16,Hyundai,Creta,Chennai,Started,Started,Walk-in
CHK-00957,CUS-01188,VEH-00653,2025-12-16,Kia,Seltos,Gurgaon,Payment,Abandoned,Mobile App
CHK-00958,CUS-00302,VEH-00821,2025-12-16,Maruti Suzuki,Swift,Delhi,Completed,Completed,Walk-in
CHK-00959,CUS-00832,VEH-00087,2025-12-17,Hyundai,Creta,Pune,Started,Started,Mobile App
CHK-00960,CUS-00297,VEH-00191,2025-12-17,Volkswagen,Virtus,Mumbai,Completed,Completed,Call Center
CHK-00961,CUS-00761,VEH-00240,2025-12-17,Hyundai,Creta,Chennai,Started,Started,Mobile App
CHK-00962,CUS-00808,VEH-00386,2025-12-17,Tata,Nexon,Delhi,Payment,Abandoned,Walk-in
CHK-00963,CUS-01399,VEH-00564,2025-12-17,Honda,City,Hyderabad,Payment,Payment,Mobile App
CHK-00964,CUS-00290,VEH-00641,2025-12-17,Tata,Nexon,Pune,Completed,Completed,Call Center
CHK-00965,CUS-00301,VEH-00758,2025-12-17,Hyundai,Creta,Pune,Completed,Completed,Call Center
CHK-00966,CUS-01247,VEH-00758,2025-12-17,Hyundai,Creta,Pune,Started,Abandoned,Mobile App
CHK-00967,CUS-00293,VEH-00835,2025-12-17,Maruti Suzuki,Ertiga,Ahmedabad,Completed,Completed,Mobile App
CHK-00968,CUS-00309,VEH-00006,2025-12-18,Mahindra,Scorpio-N,Mumbai,Completed,Completed,Walk-in
CHK-00969,CUS-00304,VEH-00218,2025-12-18,Honda,City,Gurgaon,Completed,Completed,Website
CHK-00970,CUS-00907,VEH-00564,2025-12-18,Honda,City,Hyderabad,Payment,Abandoned,Mobile App
CHK-00971,CUS-01417,VEH-00758,2025-12-18,Hyundai,Creta,Pune,Started,Started,Mobile App
CHK-00972,CUS-00921,VEH-00936,2025-12-18,Tata,Nexon,Mumbai,Payment,Payment,Website
CHK-00973,CUS-00891,VEH-00360,2025-12-19,Tata,Tiago,Delhi,Started,Abandoned,Mobile App
CHK-00974,CUS-01368,VEH-00380,2025-12-19,Tata,Nexon,Bengaluru,Payment,Abandoned,Mobile App
CHK-00975,CUS-01444,VEH-00560,2025-12-19,Mahindra,Thar,Delhi,Started,Abandoned,Call Center
CHK-00976,CUS-00820,VEH-00933,2025-12-19,Tata,Punch,Ahmedabad,Payment,Abandoned,Mobile App
CHK-00977,CUS-01336,VEH-00191,2025-12-20,Volkswagen,Virtus,Mumbai,Payment,Abandoned,Walk-in
CHK-00978,CUS-00318,VEH-00240,2025-12-20,Hyundai,Creta,Chennai,Completed,Completed,Mobile App
CHK-00979,CUS-00780,VEH-00354,2025-12-20,Tata,Nexon,Bengaluru,Started,Started,Call Center
CHK-00980,CUS-00328,VEH-00645,2025-12-20,Hyundai,Creta,Ahmedabad,Completed,Completed,Mobile App
CHK-00981,CUS-01173,VEH-00905,2025-12-20,Hyundai,Creta,Bengaluru,Started,Abandoned,Website
CHK-00982,CUS-01449,VEH-00936,2025-12-20,Tata,Nexon,Mumbai,Started,Abandoned,Mobile App
CHK-00983,CUS-01129,VEH-00124,2025-12-21,Tata,Punch,Gurgaon,Started,Abandoned,Call Center
CHK-00984,CUS-00888,VEH-00821,2025-12-21,Maruti Suzuki,Swift,Delhi,Started,Abandoned,Mobile App
CHK-00985,CUS-01309,VEH-00089,2025-12-22,Tata,Tiago,Bengaluru,Started,Abandoned,Walk-in
CHK-00986,CUS-00987,VEH-00485,2025-12-22,Kia,Seltos,Gurgaon,Payment,Abandoned,Website
CHK-00987,CUS-00802,VEH-00487,2025-12-22,Tata,Nexon,Hyderabad,Payment,Abandoned,Mobile App
CHK-00988,CUS-01385,VEH-00936,2025-12-22,Tata,Nexon,Mumbai,Payment,Payment,Website
CHK-00989,CUS-01392,VEH-00936,2025-12-22,Tata,Nexon,Mumbai,Payment,Abandoned,Call Center
CHK-00990,CUS-01045,VEH-00977,2025-12-22,Hyundai,Creta,Bengaluru,Payment,Payment,Website
CHK-00991,CUS-00807,VEH-00128,2025-12-23,Mahindra,Thar,Delhi,Started,Started,Website
CHK-00992,CUS-00311,VEH-00186,2025-12-23,Kia,Seltos,Delhi,Completed,Completed,Mobile App
CHK-00993,CUS-01323,VEH-00415,2025-12-23,Tata,Punch,Delhi,Started,Abandoned,Website
CHK-00994,CUS-00806,VEH-00936,2025-12-23,Tata,Nexon,Mumbai,Payment,Abandoned,Website
CHK-00995,CUS-01262,VEH-00186,2025-12-24,Kia,Seltos,Delhi,Payment,Payment,Website
CHK-00996,CUS-01267,VEH-00128,2025-12-25,Mahindra,Thar,Delhi,Started,Started,Walk-in
CHK-00997,CUS-00938,VEH-00645,2025-12-25,Hyundai,Creta,Ahmedabad,Payment,Abandoned,Walk-in
CHK-00998,CUS-00314,VEH-00905,2025-12-25,Hyundai,Creta,Bengaluru,Completed,Completed,Walk-in
CHK-00999,CUS-01112,VEH-00936,2025-12-25,Tata,Nexon,Mumbai,Payment,Abandoned,Website
CHK-01000,CUS-01270,VEH-00987,2025-12-25,Tata,Nexon,Delhi,Payment,Payment,Walk-in
CHK-01001,CUS-01420,VEH-00276,2025-12-26,Tata,Punch,Hyderabad,Started,Abandoned,Website
CHK-01002,CUS-00817,VEH-00936,2025-12-26,Tata,Nexon,Mumbai,Payment,Payment,Website
CHK-01003,CUS-00317,VEH-00987,2025-12-26,Tata,Nexon,Delhi,Completed,Completed,Call Center
CHK-01004,CUS-00323,VEH-00128,2025-12-27,Mahindra,Thar,Delhi,Completed,Completed,Walk-in
CHK-01005,CUS-01180,VEH-00128,2025-12-27,Mahindra,Thar,Delhi,Payment,Payment,Call Center
CHK-01006,CUS-01341,VEH-00128,2025-12-27,Mahindra,Thar,Delhi,Started,Started,Call Center
CHK-01007,CUS-01313,VEH-00282,2025-12-27,Tata,Nexon,Gurgaon,Started,Abandoned,Website
CHK-01008,CUS-00329,VEH-00868,2025-12-27,Hyundai,Venue,Delhi,Completed,Completed,Mobile App
CHK-01009,CUS-00325,VEH-00943,2025-12-27,Maruti Suzuki,Ertiga,Ahmedabad,Completed,Completed,Call Center
CHK-01010,CUS-00330,VEH-00977,2025-12-27,Hyundai,Creta,Bengaluru,Completed,Completed,Mobile App
CHK-01011,CUS-00790,VEH-00987,2025-12-27,Tata,Nexon,Delhi,Started,Abandoned,Call Center
CHK-01012,CUS-00998,VEH-00343,2025-12-28,Tata,Nexon,Delhi,Started,Abandoned,Mobile App
CHK-01013,CUS-00320,VEH-00936,2025-12-28,Tata,Nexon,Mumbai,Completed,Completed,Walk-in
CHK-01014,CUS-01199,VEH-00936,2025-12-28,Tata,Nexon,Mumbai,Started,Abandoned,Website
CHK-01015,CUS-00986,VEH-00106,2025-12-29,Hyundai,i20,Chennai,Started,Started,Mobile App
CHK-01016,CUS-00931,VEH-00128,2025-12-29,Mahindra,Thar,Delhi,Started,Started,Website
CHK-01017,CUS-01429,VEH-00128,2025-12-29,Mahindra,Thar,Delhi,Payment,Abandoned,Website
CHK-01018,CUS-00326,VEH-00282,2025-12-29,Tata,Nexon,Gurgaon,Completed,Completed,Walk-in
CHK-01019,CUS-01220,VEH-00282,2025-12-29,Tata,Nexon,Gurgaon,Payment,Payment,Walk-in
CHK-01020,CUS-01357,VEH-00282,2025-12-29,Tata,Nexon,Gurgaon,Payment,Abandoned,Website
CHK-01021,CUS-01360,VEH-00282,2025-12-29,Tata,Nexon,Gurgaon,Payment,Abandoned,Mobile App
CHK-01022,CUS-01345,VEH-00343,2025-12-29,Tata,Nexon,Delhi,Started,Abandoned,Website
CHK-01023,CUS-01207,VEH-00977,2025-12-29,Hyundai,Creta,Bengaluru,Payment,Abandoned,Mobile App
CHK-01024,CUS-01020,VEH-00128,2025-12-30,Mahindra,Thar,Delhi,Payment,Payment,Mobile App
CHK-01025,CUS-01095,VEH-00282,2025-12-30,Tata,Nexon,Gurgaon,Started,Abandoned,Website
CHK-01026,CUS-00939,VEH-00868,2025-12-30,Hyundai,Venue,Delhi,Payment,Payment,Mobile App
CHK-01027,CUS-01354,VEH-00282,2025-12-31,Tata,Nexon,Gurgaon,Started,Abandoned,Mobile App
CHK-01028,CUS-00983,VEH-00549,2025-12-31,Hyundai,Creta,Pune,Started,Abandoned,Walk-in
CHK-01029,CUS-01383,VEH-00773,2025-12-31,Maruti Suzuki,Baleno,Chennai,Started,Abandoned,Call Center
CHK-01030,CUS-01283,VEH-00977,2025-12-31,Hyundai,Creta,Bengaluru,Payment,Payment,Website
CHK-01031,CUS-01888,VEH-00978,2026-01-02,Tata,Nexon,Mumbai,Payment,Payment,Website
CHK-01032,CUS-01848,VEH-00717,2026-01-03,Maruti Suzuki,Brezza,Ahmedabad,Started,Started,Website
CHK-01033,CUS-01599,VEH-00003,2026-01-05,Tata,Punch,Pune,Started,Abandoned,Website
CHK-01034,CUS-00331,VEH-01000,2026-01-07,Maruti Suzuki,Baleno,Chennai,Completed,Completed,Walk-in
CHK-01035,CUS-01494,VEH-01000,2026-01-10,Maruti Suzuki,Baleno,Chennai,Payment,Abandoned,Website
CHK-01036,CUS-01600,VEH-00483,2026-01-11,Tata,Nexon,Bengaluru,Payment,Payment,Mobile App
CHK-01037,CUS-00356,VEH-00617,2026-01-12,Hyundai,Venue,Ahmedabad,Completed,Completed,Call Center
CHK-01038,CUS-01632,VEH-01000,2026-01-13,Maruti Suzuki,Baleno,Chennai,Started,Started,Walk-in
CHK-01039,CUS-01913,VEH-00656,2026-01-14,Tata,Nexon,Bengaluru,Started,Abandoned,Website
CHK-01040,CUS-00358,VEH-00230,2026-01-16,Hyundai,Venue,Gurgaon,Completed,Completed,Walk-in
CHK-01041,CUS-01821,VEH-00390,2026-01-16,Toyota,Innova Hycross,Chennai,Started,Started,Mobile App
CHK-01042,CUS-00384,VEH-00516,2026-01-16,Mahindra,Scorpio-N,Delhi,Completed,Completed,Walk-in
CHK-01043,CUS-00392,VEH-00656,2026-01-16,Tata,Nexon,Bengaluru,Completed,Completed,Walk-in
CHK-01044,CUS-00332,VEH-00869,2026-01-16,Toyota,Innova Hycross,Hyderabad,Completed,Completed,Walk-in
CHK-01045,CUS-01923,VEH-00886,2026-01-17,Mahindra,XUV700,Hyderabad,Payment,Abandoned,Call Center
CHK-01046,CUS-01586,VEH-00391,2026-01-18,Hyundai,Venue,Hyderabad,Started,Abandoned,Mobile App
CHK-01047,CUS-01605,VEH-00553,2026-01-19,Maruti Suzuki,Swift,Pune,Payment,Abandoned,Website
CHK-01048,CUS-00407,VEH-00347,2026-01-21,Hyundai,i20,Delhi,Completed,Completed,Walk-in
CHK-01049,CUS-01745,VEH-00351,2026-01-21,Maruti Suzuki,Swift,Chennai,Started,Started,Website
CHK-01050,CUS-01882,VEH-00254,2026-01-24,Kia,Seltos,Pune,Started,Abandoned,Website
CHK-01051,CUS-00335,VEH-00015,2026-01-26,Tata,Nexon,Mumbai,Completed,Completed,Walk-in
CHK-01052,CUS-00347,VEH-00913,2026-01-26,Tata,Nexon,Delhi,Completed,Completed,Mobile App
CHK-01053,CUS-01704,VEH-00117,2026-01-27,Kia,Seltos,Mumbai,Started,Started,Website
CHK-01054,CUS-00333,VEH-00391,2026-01-27,Hyundai,Venue,Hyderabad,Completed,Completed,Website
CHK-01055,CUS-01616,VEH-00461,2026-01-27,Maruti Suzuki,Brezza,Ahmedabad,Started,Started,Walk-in
CHK-01056,CUS-00339,VEH-00535,2026-01-28,Skoda,Kushaq,Chennai,Completed,Completed,Mobile App
CHK-01057,CUS-01775,VEH-00535,2026-01-28,Skoda,Kushaq,Chennai,Started,Abandoned,Website
CHK-01058,CUS-00338,VEH-00117,2026-01-29,Kia,Seltos,Mumbai,Completed,Completed,Website
CHK-01059,CUS-00404,VEH-00242,2026-01-29,Maruti Suzuki,Baleno,Pune,Completed,Completed,Call Center
CHK-01060,CUS-01959,VEH-00617,2026-01-29,Hyundai,Venue,Ahmedabad,Payment,Abandoned,Website
CHK-01061,CUS-00337,VEH-00951,2026-01-29,Tata,Nexon,Delhi,Completed,Completed,Website
CHK-01062,CUS-00373,VEH-00123,2026-01-30,Volkswagen,Virtus,Delhi,Completed,Completed,Mobile App
CHK-01063,CUS-00336,VEH-00254,2026-01-30,Kia,Seltos,Pune,Completed,Completed,Walk-in
CHK-01064,CUS-01945,VEH-00047,2026-01-31,Maruti Suzuki,Baleno,Hyderabad,Payment,Abandoned,Call Center
CHK-01065,CUS-01727,VEH-00117,2026-01-31,Kia,Seltos,Mumbai,Started,Abandoned,Mobile App
CHK-01066,CUS-00355,VEH-00745,2026-01-31,Maruti Suzuki,Swift,Pune,Completed,Completed,Walk-in
CHK-01067,CUS-00363,VEH-00077,2026-02-01,Hyundai,Creta,Chennai,Completed,Completed,Walk-in
CHK-01068,CUS-01582,VEH-00693,2026-02-01,Hyundai,Creta,Hyderabad,Started,Started,Website
CHK-01069,CUS-01661,VEH-00886,2026-02-01,Mahindra,XUV700,Hyderabad,Payment,Payment,Mobile App
CHK-01070,CUS-01610,VEH-00182,2026-02-02,Tata,Nexon,Delhi,Payment,Abandoned,Website
CHK-01071,CUS-00334,VEH-00483,2026-02-02,Tata,Nexon,Bengaluru,Completed,Completed,Website
CHK-01072,CUS-01903,VEH-00856,2026-02-02,Hyundai,Creta,Hyderabad,Payment,Abandoned,Call Center
CHK-01073,CUS-01865,VEH-00913,2026-02-02,Tata,Nexon,Delhi,Payment,Abandoned,Website
CHK-01074,CUS-00357,VEH-00072,2026-02-03,Maruti Suzuki,Baleno,Mumbai,Completed,Completed,Website
CHK-01075,CUS-01965,VEH-00605,2026-02-03,Hyundai,Creta,Ahmedabad,Started,Started,Website
CHK-01076,CUS-01483,VEH-00117,2026-02-04,Kia,Seltos,Mumbai,Started,Started,Mobile App
CHK-01077,CUS-01961,VEH-00015,2026-02-05,Tata,Nexon,Mumbai,Payment,Payment,Walk-in
CHK-01078,CUS-00403,VEH-00331,2026-02-05,Mahindra,Scorpio-N,Delhi,Completed,Completed,Website
CHK-01079,CUS-00341,VEH-00351,2026-02-05,Maruti Suzuki,Swift,Chennai,Completed,Completed,Website
CHK-01080,CUS-01626,VEH-00822,2026-02-05,Maruti Suzuki,Swift,Mumbai,Started,Abandoned,Website
CHK-01081,CUS-00394,VEH-00477,2026-02-06,Mahindra,XUV700,Mumbai,Completed,Completed,Walk-in
CHK-01082,CUS-01700,VEH-00072,2026-02-07,Maruti Suzuki,Baleno,Mumbai,Payment,Payment,Call Center
CHK-01083,CUS-00359,VEH-00444,2026-02-07,Mahindra,Scorpio-N,Delhi,Completed,Completed,Mobile App
CHK-01084,CUS-00348,VEH-00182,2026-02-08,Tata,Nexon,Delhi,Completed,Completed,Walk-in
CHK-01085,CUS-00380,VEH-00856,2026-02-08,Hyundai,Creta,Hyderabad,Completed,Completed,Walk-in
CHK-01086,CUS-00345,VEH-00098,2026-02-10,Hyundai,i20,Ahmedabad,Completed,Completed,Mobile App
CHK-01087,CUS-01916,VEH-00617,2026-02-10,Hyundai,Venue,Ahmedabad,Payment,Payment,Website
CHK-01088,CUS-00349,VEH-00808,2026-02-10,Hyundai,Venue,Gurgaon,Completed,Completed,Walk-in
CHK-01089,CUS-01516,VEH-00182,2026-02-11,Tata,Nexon,Delhi,Payment,Payment,Mobile App
CHK-01090,CUS-01990,VEH-00182,2026-02-11,Tata,Nexon,Delhi,Started,Started,Mobile App
CHK-01091,CUS-01590,VEH-00886,2026-02-13,Mahindra,XUV700,Hyderabad,Payment,Payment,Call Center
CHK-01092,CUS-01823,VEH-00958,2026-02-13,Maruti Suzuki,Ertiga,Pune,Started,Abandoned,Walk-in
CHK-01093,CUS-01991,VEH-00123,2026-02-15,Volkswagen,Virtus,Delhi,Payment,Payment,Walk-in
CHK-01094,CUS-01871,VEH-00786,2026-02-15,Tata,Punch,Bengaluru,Started,Started,Website
CHK-01095,CUS-01875,VEH-00230,2026-02-16,Hyundai,Venue,Gurgaon,Started,Abandoned,Website
CHK-01096,CUS-00340,VEH-00613,2026-02-16,Maruti Suzuki,Brezza,Hyderabad,Completed,Completed,Call Center
CHK-01097,CUS-00344,VEH-00189,2026-02-17,Maruti Suzuki,Swift,Chennai,Completed,Completed,Walk-in
CHK-01098,CUS-01788,VEH-00381,2026-02-17,Hyundai,Creta,Gurgaon,Payment,Payment,Mobile App
CHK-01099,CUS-01931,VEH-00182,2026-02-18,Tata,Nexon,Delhi,Started,Abandoned,Call Center
CHK-01100,CUS-00418,VEH-00289,2026-02-18,Hyundai,Creta,Delhi,Completed,Completed,Walk-in
CHK-01101,CUS-00360,VEH-00873,2026-02-18,Volkswagen,Virtus,Chennai,Completed,Completed,Mobile App
CHK-01102,CUS-00374,VEH-00164,2026-02-19,Hyundai,i20,Delhi,Completed,Completed,Walk-in
CHK-01103,CUS-01565,VEH-00172,2026-02-19,Hyundai,Venue,Delhi,Started,Abandoned,Website
CHK-01104,CUS-01954,VEH-00347,2026-02-19,Hyundai,i20,Delhi,Started,Abandoned,Mobile App
CHK-01105,CUS-00342,VEH-00455,2026-02-19,Hyundai,Venue,Gurgaon,Completed,Completed,Walk-in
CHK-01106,CUS-01964,VEH-00652,2026-02-19,Hyundai,i20,Gurgaon,Started,Abandoned,Website
CHK-01107,CUS-01890,VEH-00780,2026-02-19,Tata,Punch,Bengaluru,Started,Started,Website
CHK-01108,CUS-01755,VEH-00586,2026-02-20,Kia,Seltos,Chennai,Started,Abandoned,Website
CHK-01109,CUS-00346,VEH-00661,2026-02-20,Hyundai,Creta,Gurgaon,Completed,Completed,Website
CHK-01110,CUS-01932,VEH-00763,2026-02-20,Tata,Nexon,Bengaluru,Payment,Payment,Website
CHK-01111,CUS-01698,VEH-00649,2026-02-21,Honda,City,Gurgaon,Payment,Payment,Mobile App
CHK-01112,CUS-01475,VEH-00661,2026-02-21,Hyundai,Creta,Gurgaon,Payment,Payment,Website
CHK-01113,CUS-00343,VEH-00886,2026-02-21,Mahindra,XUV700,Hyderabad,Completed,Completed,Website
CHK-01114,CUS-00391,VEH-00978,2026-02-21,Tata,Nexon,Mumbai,Completed,Completed,Walk-in
CHK-01115,CUS-01971,VEH-00886,2026-02-22,Mahindra,XUV700,Hyderabad,Payment,Payment,Mobile App
CHK-01116,CUS-01695,VEH-00958,2026-02-22,Maruti Suzuki,Ertiga,Pune,Payment,Abandoned,Mobile App
CHK-01117,CUS-00354,VEH-00958,2026-02-23,Maruti Suzuki,Ertiga,Pune,Completed,Completed,Website
CHK-01118,CUS-00350,VEH-00990,2026-02-24,Maruti Suzuki,Ertiga,Hyderabad,Completed,Completed,Walk-in
CHK-01119,CUS-01777,VEH-00189,2026-02-25,Maruti Suzuki,Swift,Chennai,Payment,Abandoned,Mobile App
CHK-01120,CUS-00375,VEH-00172,2026-02-26,Hyundai,Venue,Delhi,Completed,Completed,Website
CHK-01121,CUS-00372,VEH-00274,2026-02-26,Kia,Seltos,Ahmedabad,Completed,Completed,Walk-in
CHK-01122,CUS-00448,VEH-00998,2026-02-26,Maruti Suzuki,Ertiga,Ahmedabad,Completed,Completed,Website
CHK-01123,CUS-01522,VEH-00182,2026-02-27,Tata,Nexon,Delhi,Started,Started,Website
CHK-01124,CUS-01922,VEH-00189,2026-02-27,Maruti Suzuki,Swift,Chennai,Payment,Abandoned,Website
CHK-01125,CUS-00364,VEH-00586,2026-02-27,Kia,Seltos,Chennai,Completed,Completed,Call Center
CHK-01126,CUS-00351,VEH-00365,2026-02-28,BMW,3 Series,Chennai,Completed,Completed,Walk-in
CHK-01127,CUS-01930,VEH-00253,2026-03-01,Maruti Suzuki,Ertiga,Gurgaon,Started,Abandoned,Mobile App
CHK-01128,CUS-01527,VEH-00477,2026-03-01,Mahindra,XUV700,Mumbai,Started,Abandoned,Website
CHK-01129,CUS-01776,VEH-00017,2026-03-02,Maruti Suzuki,Ertiga,Pune,Started,Started,Mobile App
CHK-01130,CUS-00353,VEH-00245,2026-03-02,Volkswagen,Virtus,Pune,Completed,Completed,Call Center
CHK-01131,CUS-00411,VEH-00822,2026-03-02,Maruti Suzuki,Swift,Mumbai,Completed,Completed,Mobile App
CHK-01132,CUS-00352,VEH-00530,2026-03-03,Hyundai,i20,Mumbai,Completed,Completed,Mobile App
CHK-01133,CUS-00382,VEH-00825,2026-03-03,Mahindra,XUV700,Pune,Completed,Completed,Walk-in
CHK-01134,CUS-01638,VEH-00873,2026-03-03,Volkswagen,Virtus,Chennai,Started,Abandoned,Website
CHK-01135,CUS-01547,VEH-00958,2026-03-03,Maruti Suzuki,Ertiga,Pune,Started,Started,Call Center
CHK-01136,CUS-01685,VEH-00264,2026-03-04,Hyundai,Venue,Delhi,Payment,Abandoned,Mobile App
CHK-01137,CUS-00428,VEH-00587,2026-03-04,Maruti Suzuki,Baleno,Hyderabad,Completed,Completed,Website
CHK-01138,CUS-00412,VEH-00608,2026-03-05,Mahindra,XUV700,Hyderabad,Completed,Completed,Website
CHK-01139,CUS-01621,VEH-00693,2026-03-05,Hyundai,Creta,Hyderabad,Payment,Payment,Website
CHK-01140,CUS-01686,VEH-00390,2026-03-06,Toyota,Innova Hycross,Chennai,Started,Started,Call Center
CHK-01141,CUS-01571,VEH-00539,2026-03-06,Mahindra,Thar,Ahmedabad,Payment,Payment,Walk-in
CHK-01142,CUS-01978,VEH-00888,2026-03-06,Hyundai,Creta,Gurgaon,Payment,Payment,Walk-in
CHK-01143,CUS-01654,VEH-00381,2026-03-07,Hyundai,Creta,Gurgaon,Payment,Abandoned,Website
CHK-01144,CUS-01628,VEH-00822,2026-03-07,Maruti Suzuki,Swift,Mumbai,Payment,Payment,Walk-in
CHK-01145,CUS-01763,VEH-00245,2026-03-08,Volkswagen,Virtus,Pune,Started,Abandoned,Mobile App
CHK-01146,CUS-00399,VEH-00264,2026-03-08,Hyundai,Venue,Delhi,Completed,Completed,Mobile App
CHK-01147,CUS-01751,VEH-00373,2026-03-08,Tata,Punch,Pune,Started,Abandoned,Walk-in
CHK-01148,CUS-01803,VEH-00474,2026-03-08,Tata,Nexon,Pune,Started,Started,Call Center
CHK-01149,CUS-01846,VEH-00745,2026-03-08,Maruti Suzuki,Swift,Pune,Payment,Payment,Website
CHK-01150,CUS-01766,VEH-00076,2026-03-09,Maruti Suzuki,Swift,Chennai,Payment,Abandoned,Website
CHK-01151,CUS-00368,VEH-00720,2026-03-09,Maruti Suzuki,Baleno,Bengaluru,Completed,Completed,Mobile App
CHK-01152,CUS-01504,VEH-00077,2026-03-10,Hyundai,Creta,Chennai,Payment,Payment,Call Center
CHK-01153,CUS-01809,VEH-00334,2026-03-10,Mahindra,Scorpio-N,Chennai,Payment,Abandoned,Website
CHK-01154,CUS-00365,VEH-00390,2026-03-10,Toyota,Innova Hycross,Chennai,Completed,Completed,Walk-in
CHK-01155,CUS-00367,VEH-00426,2026-03-11,Toyota,Innova Hycross,Mumbai,Completed,Completed,Call Center
CHK-01156,CUS-01740,VEH-00605,2026-03-11,Hyundai,Creta,Ahmedabad,Started,Abandoned,Mobile App
CHK-01157,CUS-00361,VEH-00566,2026-03-12,Hyundai,Venue,Hyderabad,Completed,Completed,Mobile App
CHK-01158,CUS-01613,VEH-00873,2026-03-12,Volkswagen,Virtus,Chennai,Payment,Payment,Mobile App
CHK-01159,CUS-00398,VEH-00048,2026-03-13,Maruti Suzuki,Brezza,Delhi,Completed,Completed,Mobile App
CHK-01160,CUS-01557,VEH-00319,2026-03-13,Mahindra,Thar,Ahmedabad,Started,Started,Website
CHK-01161,CUS-01651,VEH-00381,2026-03-13,Hyundai,Creta,Gurgaon,Started,Abandoned,Mobile App
CHK-01162,CUS-01769,VEH-00542,2026-03-13,Tata,Nexon,Bengaluru,Started,Started,Call Center
CHK-01163,CUS-01952,VEH-00605,2026-03-13,Hyundai,Creta,Ahmedabad,Payment,Payment,Walk-in
CHK-01164,CUS-01899,VEH-00777,2026-03-13,Tata,Punch,Mumbai,Payment,Abandoned,Website
CHK-01165,CUS-01530,VEH-00140,2026-03-14,Tata,Tiago,Delhi,Payment,Payment,Walk-in
CHK-01166,CUS-00386,VEH-00701,2026-03-14,Hyundai,i20,Bengaluru,Completed,Completed,Walk-in
CHK-01167,CUS-00378,VEH-00733,2026-03-14,Mahindra,Scorpio-N,Ahmedabad,Completed,Completed,Walk-in
CHK-01168,CUS-01588,VEH-00856,2026-03-15,Hyundai,Creta,Hyderabad,Payment,Payment,Website
CHK-01169,CUS-01862,VEH-00045,2026-03-17,Maruti Suzuki,Brezza,Delhi,Payment,Abandoned,Website
CHK-01170,CUS-00377,VEH-00605,2026-03-17,Hyundai,Creta,Ahmedabad,Completed,Completed,Walk-in
CHK-01171,CUS-00362,VEH-00241,2026-03-18,Maruti Suzuki,Brezza,Pune,Completed,Completed,Mobile App
CHK-01172,CUS-00370,VEH-00542,2026-03-18,Tata,Nexon,Bengaluru,Completed,Completed,Website
CHK-01173,CUS-00369,VEH-00964,2026-03-18,Skoda,Kushaq,Pune,Completed,Completed,Mobile App
CHK-01174,CUS-01842,VEH-00555,2026-03-19,Maruti Suzuki,Brezza,Mumbai,Payment,Payment,Walk-in
CHK-01175,CUS-00385,VEH-00649,2026-03-19,Honda,City,Gurgaon,Completed,Completed,Walk-in
CHK-01176,CUS-01791,VEH-00272,2026-03-20,Hyundai,Creta,Pune,Payment,Abandoned,Mobile App
CHK-01177,CUS-01524,VEH-00580,2026-03-20,Hyundai,Creta,Chennai,Started,Started,Walk-in
CHK-01178,CUS-00379,VEH-00831,2026-03-20,Mahindra,Scorpio-N,Mumbai,Completed,Completed,Website
CHK-01179,CUS-01635,VEH-00395,2026-03-22,Mahindra,XUV700,Mumbai,Started,Started,Walk-in
CHK-01180,CUS-01839,VEH-00605,2026-03-23,Hyundai,Creta,Ahmedabad,Payment,Payment,Mobile App
CHK-01181,CUS-00371,VEH-00076,2026-03-24,Maruti Suzuki,Swift,Chennai,Completed,Completed,Website
CHK-01182,CUS-00366,VEH-00381,2026-03-24,Hyundai,Creta,Gurgaon,Completed,Completed,Walk-in
CHK-01183,CUS-01521,VEH-00334,2026-03-25,Mahindra,Scorpio-N,Chennai,Started,Started,Website
CHK-01184,CUS-01567,VEH-00539,2026-03-25,Mahindra,Thar,Ahmedabad,Started,Abandoned,Call Center
CHK-01185,CUS-01538,VEH-00862,2026-03-25,Mahindra,XUV700,Pune,Payment,Payment,Walk-in
CHK-01186,CUS-01894,VEH-00426,2026-03-27,Toyota,Innova Hycross,Mumbai,Payment,Payment,Call Center
CHK-01187,CUS-01889,VEH-00960,2026-03-27,MG,Hector,Ahmedabad,Payment,Abandoned,Mobile App
CHK-01188,CUS-00419,VEH-00673,2026-03-28,Maruti Suzuki,Swift,Mumbai,Completed,Completed,Mobile App
CHK-01189,CUS-00388,VEH-00379,2026-03-29,Maruti Suzuki,Swift,Pune,Completed,Completed,Walk-in
CHK-01190,CUS-00383,VEH-00154,2026-03-30,Maruti Suzuki,Swift,Mumbai,Completed,Completed,Mobile App
CHK-01191,CUS-01942,VEH-00381,2026-03-30,Hyundai,Creta,Gurgaon,Payment,Abandoned,Website
CHK-01192,CUS-01810,VEH-00831,2026-03-30,Mahindra,Scorpio-N,Mumbai,Started,Started,Website
CHK-01193,CUS-00423,VEH-00017,2026-03-31,Maruti Suzuki,Ertiga,Pune,Completed,Completed,Website
CHK-01194,CUS-00454,VEH-00278,2026-03-31,Kia,Seltos,Gurgaon,Completed,Completed,Walk-in
CHK-01195,CUS-01752,VEH-00381,2026-03-31,Hyundai,Creta,Gurgaon,Payment,Abandoned,Mobile App
CHK-01196,CUS-01517,VEH-00477,2026-03-31,Mahindra,XUV700,Mumbai,Started,Abandoned,Mobile App
CHK-01197,CUS-01907,VEH-00620,2026-03-31,Tata,Nexon,Hyderabad,Started,Abandoned,Website
CHK-01198,CUS-01762,VEH-00760,2026-03-31,Tata,Tiago,Gurgaon,Started,Abandoned,Mobile App
CHK-01199,CUS-01663,VEH-00422,2026-04-01,Maruti Suzuki,Swift,Delhi,Started,Started,Mobile App
CHK-01200,CUS-01683,VEH-00672,2026-04-01,Tata,Punch,Hyderabad,Started,Started,Website
CHK-01201,CUS-00401,VEH-00992,2026-04-02,Hyundai,Creta,Delhi,Completed,Completed,Walk-in
CHK-01202,CUS-00425,VEH-00511,2026-04-03,Hyundai,Creta,Delhi,Completed,Completed,Mobile App
CHK-01203,CUS-01801,VEH-00511,2026-04-03,Hyundai,Creta,Delhi,Payment,Abandoned,Website
CHK-01204,CUS-00400,VEH-00571,2026-04-03,Hyundai,Venue,Delhi,Completed,Completed,Walk-in
CHK-01205,CUS-01722,VEH-00605,2026-04-03,Hyundai,Creta,Ahmedabad,Payment,Abandoned,Call Center
CHK-01206,CUS-01735,VEH-00046,2026-04-04,Tata,Nexon,Ahmedabad,Started,Abandoned,Call Center
CHK-01207,CUS-01849,VEH-00656,2026-04-05,Tata,Nexon,Bengaluru,Payment,Payment,Website
CHK-01208,CUS-01743,VEH-00884,2026-04-05,Hyundai,Venue,Delhi,Payment,Abandoned,Website
CHK-01209,CUS-01770,VEH-00102,2026-04-06,Mahindra,Thar,Hyderabad,Payment,Abandoned,Mobile App
CHK-01210,CUS-01804,VEH-00542,2026-04-06,Tata,Nexon,Bengaluru,Started,Started,Call Center
CHK-01211,CUS-01826,VEH-00888,2026-04-07,Hyundai,Creta,Gurgaon,Started,Started,Mobile App
CHK-01212,CUS-00442,VEH-00888,2026-04-08,Hyundai,Creta,Gurgaon,Completed,Completed,Call Center
CHK-01213,CUS-01496,VEH-00938,2026-04-08,Maruti Suzuki,Baleno,Mumbai,Payment,Abandoned,Mobile App
CHK-01214,CUS-00396,VEH-00960,2026-04-08,MG,Hector,Ahmedabad,Completed,Completed,Walk-in
CHK-01215,CUS-01852,VEH-00379,2026-04-09,Maruti Suzuki,Swift,Pune,Payment,Payment,Website
CHK-01216,CUS-00457,VEH-00858,2026-04-10,Maruti Suzuki,Swift,Mumbai,Completed,Completed,Mobile App
CHK-01217,CUS-00381,VEH-00884,2026-04-10,Hyundai,Venue,Delhi,Completed,Completed,Walk-in
CHK-01218,CUS-00417,VEH-00901,2026-04-10,Maruti Suzuki,Swift,Mumbai,Completed,Completed,Website
CHK-01219,CUS-01640,VEH-00960,2026-04-10,MG,Hector,Ahmedabad,Started,Started,Walk-in
CHK-01220,CUS-01960,VEH-00898,2026-04-11,Tata,Tiago,Pune,Payment,Payment,Mobile App
CHK-01221,CUS-01716,VEH-00992,2026-04-11,Hyundai,Creta,Delhi,Payment,Abandoned,Website
CHK-01222,CUS-00424,VEH-00763,2026-04-12,Tata,Nexon,Bengaluru,Completed,Completed,Mobile App
CHK-01223,CUS-01572,VEH-00656,2026-04-13,Tata,Nexon,Bengaluru,Payment,Abandoned,Call Center
CHK-01224,CUS-00393,VEH-00693,2026-04-13,Hyundai,Creta,Hyderabad,Completed,Completed,Website
CHK-01225,CUS-01918,VEH-00160,2026-04-14,Maruti Suzuki,Swift,Bengaluru,Started,Abandoned,Website
CHK-01226,CUS-00430,VEH-00341,2026-04-14,Hyundai,Creta,Mumbai,Completed,Completed,Website
CHK-01227,CUS-00376,VEH-00474,2026-04-14,Tata,Nexon,Pune,Completed,Completed,Walk-in
CHK-01228,CUS-00465,VEH-00547,2026-04-14,Tata,Nexon,Chennai,Completed,Completed,Walk-in
CHK-01229,CUS-00408,VEH-00843,2026-04-14,Hyundai,Creta,Gurgaon,Completed,Completed,Walk-in
CHK-01230,CUS-01799,VEH-00289,2026-04-15,Hyundai,Creta,Delhi,Payment,Abandoned,Website
CHK-01231,CUS-01974,VEH-00573,2026-04-15,Hyundai,Creta,Delhi,Started,Abandoned,Website
CHK-01232,CUS-01589,VEH-00587,2026-04-15,Maruti Suzuki,Baleno,Hyderabad,Payment,Abandoned,Website
CHK-01233,CUS-01495,VEH-00709,2026-04-15,Maruti Suzuki,Baleno,Mumbai,Payment,Payment,Mobile App
CHK-01234,CUS-01830,VEH-00934,2026-04-15,Hyundai,i20,Gurgaon,Payment,Abandoned,Website
CHK-01235,CUS-00395,VEH-00862,2026-04-16,Mahindra,XUV700,Pune,Completed,Completed,Website
CHK-01236,CUS-00422,VEH-00589,2026-04-17,Mahindra,XUV700,Chennai,Completed,Completed,Mobile App
CHK-01237,CUS-01936,VEH-00856,2026-04-18,Hyundai,Creta,Hyderabad,Started,Started,Website
CHK-01238,CUS-00474,VEH-00368,2026-04-19,Tata,Nexon,Hyderabad,Completed,Completed,Website
CHK-01239,CUS-01549,VEH-00341,2026-04-20,Hyundai,Creta,Mumbai,Started,Abandoned,Website
CHK-01240,CUS-01574,VEH-00709,2026-04-20,Maruti Suzuki,Baleno,Mumbai,Payment,Abandoned,Call Center
CHK-01241,CUS-01542,VEH-00843,2026-04-20,Hyundai,Creta,Gurgaon,Payment,Payment,Mobile App
CHK-01242,CUS-01520,VEH-00884,2026-04-20,Hyundai,Venue,Delhi,Payment,Abandoned,Mobile App
CHK-01243,CUS-01928,VEH-00293,2026-04-22,Tata,Nexon,Mumbai,Payment,Payment,Website
CHK-01244,CUS-01513,VEH-00264,2026-04-24,Hyundai,Venue,Delhi,Started,Started,Website
CHK-01245,CUS-00387,VEH-00326,2026-04-25,Maruti Suzuki,Swift,Bengaluru,Completed,Completed,Website
CHK-01246,CUS-01976,VEH-00502,2026-04-26,Volkswagen,Virtus,Delhi,Started,Abandoned,Website
CHK-01247,CUS-00433,VEH-00573,2026-04-26,Hyundai,Creta,Delhi,Completed,Completed,Walk-in
CHK-01248,CUS-01701,VEH-00578,2026-04-26,Hyundai,i20,Bengaluru,Payment,Abandoned,Website
CHK-01249,CUS-01861,VEH-00843,2026-04-26,Hyundai,Creta,Gurgaon,Payment,Abandoned,Mobile App
CHK-01250,CUS-00390,VEH-00115,2026-04-27,Honda,City,Gurgaon,Completed,Completed,Walk-in
CHK-01251,CUS-01611,VEH-00137,2026-04-27,Maruti Suzuki,Ertiga,Chennai,Payment,Abandoned,Call Center
CHK-01252,CUS-01868,VEH-00555,2026-04-27,Maruti Suzuki,Brezza,Mumbai,Payment,Abandoned,Website
CHK-01253,CUS-00446,VEH-00709,2026-04-27,Maruti Suzuki,Baleno,Mumbai,Completed,Completed,Mobile App
CHK-01254,CUS-01491,VEH-00573,2026-04-28,Hyundai,Creta,Delhi,Started,Started,Call Center
CHK-01255,CUS-01625,VEH-00272,2026-04-29,Hyundai,Creta,Pune,Started,Abandoned,Website
CHK-01256,CUS-00410,VEH-00389,2026-04-29,Hyundai,Creta,Pune,Completed,Completed,Mobile App
CHK-01257,CUS-00494,VEH-00991,2026-04-29,Maruti Suzuki,Brezza,Mumbai,Completed,Completed,Walk-in
CHK-01258,CUS-01718,VEH-00960,2026-04-30,MG,Hector,Ahmedabad,Started,Started,Call Center
CHK-01259,CUS-00406,VEH-00201,2026-05-01,Hyundai,Venue,Mumbai,Completed,Completed,Website
CHK-01260,CUS-00389,VEH-00453,2026-05-01,Skoda,Kushaq,Delhi,Completed,Completed,Mobile App
CHK-01261,CUS-00438,VEH-00484,2026-05-01,Toyota,Innova Hycross,Delhi,Completed,Completed,Mobile App
CHK-01262,CUS-00432,VEH-00588,2026-05-01,Maruti Suzuki,Swift,Chennai,Completed,Completed,Walk-in
CHK-01263,CUS-01832,VEH-00853,2026-05-01,Maruti Suzuki,Baleno,Pune,Payment,Payment,Mobile App
CHK-01264,CUS-00402,VEH-00319,2026-05-02,Mahindra,Thar,Ahmedabad,Completed,Completed,Mobile App
CHK-01265,CUS-02000,VEH-00618,2026-05-02,Tata,Tiago,Chennai,Payment,Payment,Website
CHK-01266,CUS-01710,VEH-00843,2026-05-02,Hyundai,Creta,Gurgaon,Started,Started,Call Center
CHK-01267,CUS-01895,VEH-00773,2026-05-03,Maruti Suzuki,Baleno,Chennai,Started,Abandoned,Call Center
CHK-01268,CUS-01956,VEH-00960,2026-05-03,MG,Hector,Ahmedabad,Payment,Payment,Walk-in
CHK-01269,CUS-01884,VEH-00996,2026-05-03,Maruti Suzuki,Baleno,Ahmedabad,Payment,Payment,Walk-in
CHK-01270,CUS-01741,VEH-00578,2026-05-04,Hyundai,i20,Bengaluru,Payment,Abandoned,Website
CHK-01271,CUS-01772,VEH-00319,2026-05-05,Mahindra,Thar,Ahmedabad,Started,Abandoned,Website
CHK-01272,CUS-01989,VEH-00573,2026-05-05,Hyundai,Creta,Delhi,Started,Started,Website
CHK-01273,CUS-00397,VEH-00832,2026-05-05,Volkswagen,Virtus,Bengaluru,Completed,Completed,Walk-in
CHK-01274,CUS-01783,VEH-00870,2026-05-05,Maruti Suzuki,Ertiga,Chennai,Started,Abandoned,Mobile App
CHK-01275,CUS-01715,VEH-00409,2026-05-06,Tata,Nexon,Bengaluru,Payment,Payment,Walk-in
CHK-01276,CUS-00405,VEH-00555,2026-05-06,Maruti Suzuki,Brezza,Mumbai,Completed,Completed,Walk-in
CHK-01277,CUS-01562,VEH-00322,2026-05-07,Mahindra,Thar,Mumbai,Payment,Abandoned,Website
CHK-01278,CUS-01773,VEH-00048,2026-05-08,Maruti Suzuki,Brezza,Delhi,Payment,Payment,Mobile App
CHK-01279,CUS-01647,VEH-00780,2026-05-08,Tata,Punch,Bengaluru,Payment,Payment,Call Center
CHK-01280,CUS-01787,VEH-00919,2026-05-08,Honda,City,Bengaluru,Payment,Payment,Website
CHK-01281,CUS-00451,VEH-00490,2026-05-09,Mahindra,Thar,Gurgaon,Completed,Completed,Website
CHK-01282,CUS-01573,VEH-00490,2026-05-09,Mahindra,Thar,Gurgaon,Started,Started,Walk-in
CHK-01283,CUS-01615,VEH-00580,2026-05-09,Hyundai,Creta,Chennai,Payment,Payment,Mobile App
CHK-01284,CUS-01760,VEH-00843,2026-05-09,Hyundai,Creta,Gurgaon,Payment,Payment,Website
CHK-01285,CUS-01938,VEH-00389,2026-05-10,Hyundai,Creta,Pune,Payment,Abandoned,Call Center
CHK-01286,CUS-01619,VEH-00675,2026-05-10,Mahindra,Thar,Gurgaon,Payment,Abandoned,Call Center
CHK-01287,CUS-00409,VEH-00983,2026-05-10,Maruti Suzuki,Swift,Ahmedabad,Completed,Completed,Call Center
CHK-01288,CUS-01609,VEH-00734,2026-05-12,Hyundai,Venue,Delhi,Payment,Abandoned,Website
CHK-01289,CUS-00462,VEH-00928,2026-05-12,Hyundai,Venue,Bengaluru,Completed,Completed,Website
CHK-01290,CUS-01482,VEH-00992,2026-05-12,Hyundai,Creta,Delhi,Payment,Abandoned,Call Center
CHK-01291,CUS-01886,VEH-00181,2026-05-13,Hyundai,Creta,Chennai,Started,Started,Website
CHK-01292,CUS-01620,VEH-00293,2026-05-13,Tata,Nexon,Mumbai,Payment,Abandoned,Call Center
CHK-01293,CUS-00460,VEH-00272,2026-05-14,Hyundai,Creta,Pune,Completed,Completed,Mobile App
CHK-01294,CUS-00500,VEH-00441,2026-05-14,Maruti Suzuki,Ertiga,Mumbai,Completed,Completed,Website
CHK-01295,CUS-00434,VEH-00046,2026-05-15,Tata,Nexon,Ahmedabad,Completed,Completed,Walk-in
CHK-01296,CUS-01962,VEH-00150,2026-05-15,Maruti Suzuki,Baleno,Pune,Started,Started,Website
CHK-01297,CUS-01622,VEH-00267,2026-05-15,Maruti Suzuki,Swift,Delhi,Started,Abandoned,Call Center
CHK-01298,CUS-00426,VEH-00578,2026-05-15,Hyundai,i20,Bengaluru,Completed,Completed,Walk-in
CHK-01299,CUS-01536,VEH-00608,2026-05-15,Mahindra,XUV700,Hyderabad,Payment,Payment,Website
CHK-01300,CUS-00413,VEH-00267,2026-05-16,Maruti Suzuki,Swift,Delhi,Completed,Completed,Walk-in
CHK-01301,CUS-00435,VEH-00675,2026-05-16,Mahindra,Thar,Gurgaon,Completed,Completed,Walk-in
CHK-01302,CUS-00479,VEH-00916,2026-05-17,Toyota,Innova Hycross,Mumbai,Completed,Completed,Call Center
CHK-01303,CUS-01781,VEH-00607,2026-05-18,Tata,Punch,Hyderabad,Payment,Payment,Website
CHK-01304,CUS-01747,VEH-00675,2026-05-18,Mahindra,Thar,Gurgaon,Payment,Abandoned,Website
CHK-01305,CUS-00421,VEH-00734,2026-05-18,Hyundai,Venue,Delhi,Completed,Completed,Walk-in
CHK-01306,CUS-00530,VEH-00870,2026-05-18,Maruti Suzuki,Ertiga,Chennai,Completed,Completed,Walk-in
CHK-01307,CUS-01532,VEH-00289,2026-05-19,Hyundai,Creta,Delhi,Started,Abandoned,Website
CHK-01308,CUS-01853,VEH-00328,2026-05-19,Tata,Punch,Chennai,Started,Abandoned,Website
CHK-01309,CUS-00415,VEH-00422,2026-05-19,Maruti Suzuki,Swift,Delhi,Completed,Completed,Mobile App
CHK-01310,CUS-01997,VEH-00763,2026-05-19,Tata,Nexon,Bengaluru,Started,Started,Website
CHK-01311,CUS-01580,VEH-00937,2026-05-19,Tata,Punch,Pune,Payment,Payment,Mobile App
CHK-01312,CUS-01518,VEH-00739,2026-05-20,Skoda,Kushaq,Mumbai,Started,Started,Walk-in
CHK-01313,CUS-01707,VEH-00578,2026-05-21,Hyundai,i20,Bengaluru,Payment,Payment,Mobile App
CHK-01314,CUS-00416,VEH-00639,2026-05-21,Maruti Suzuki,Ertiga,Delhi,Completed,Completed,Website
CHK-01315,CUS-01987,VEH-00285,2026-05-22,Maruti Suzuki,Swift,Gurgaon,Started,Abandoned,Website
CHK-01316,CUS-01705,VEH-00675,2026-05-22,Mahindra,Thar,Gurgaon,Payment,Payment,Mobile App
CHK-01317,CUS-01498,VEH-00734,2026-05-22,Hyundai,Venue,Delhi,Started,Abandoned,Walk-in
CHK-01318,CUS-00453,VEH-00160,2026-05-23,Maruti Suzuki,Swift,Bengaluru,Completed,Completed,Call Center
CHK-01319,CUS-01782,VEH-00181,2026-05-23,Hyundai,Creta,Chennai,Payment,Payment,Website
CHK-01320,CUS-00443,VEH-00552,2026-05-23,Hyundai,Creta,Pune,Completed,Completed,Walk-in
CHK-01321,CUS-01729,VEH-00576,2026-05-23,Mahindra,Scorpio-N,Delhi,Started,Abandoned,Website
CHK-01322,CUS-00439,VEH-00785,2026-05-23,Maruti Suzuki,Swift,Pune,Completed,Completed,Website
CHK-01323,CUS-00414,VEH-00102,2026-05-24,Mahindra,Thar,Hyderabad,Completed,Completed,Mobile App
CHK-01324,CUS-01466,VEH-00168,2026-05-24,Tata,Punch,Chennai,Started,Started,Walk-in
CHK-01325,CUS-00431,VEH-00409,2026-05-24,Tata,Nexon,Bengaluru,Completed,Completed,Walk-in
CHK-01326,CUS-01553,VEH-00046,2026-05-25,Tata,Nexon,Ahmedabad,Started,Started,Website
CHK-01327,CUS-00420,VEH-00181,2026-05-25,Hyundai,Creta,Chennai,Completed,Completed,Call Center
CHK-01328,CUS-01529,VEH-00490,2026-05-25,Mahindra,Thar,Gurgaon,Payment,Payment,Mobile App
CHK-01329,CUS-00455,VEH-00580,2026-05-25,Hyundai,Creta,Chennai,Completed,Completed,Walk-in
CHK-01330,CUS-01759,VEH-00763,2026-05-25,Tata,Nexon,Bengaluru,Started,Abandoned,Website
CHK-01331,CUS-00484,VEH-00924,2026-05-25,Hyundai,Creta,Ahmedabad,Completed,Completed,Call Center
CHK-01332,CUS-01709,VEH-00046,2026-05-26,Tata,Nexon,Ahmedabad,Started,Abandoned,Website
CHK-01333,CUS-00477,VEH-00142,2026-05-26,Hyundai,Venue,Delhi,Completed,Completed,Walk-in
CHK-01334,CUS-01902,VEH-00578,2026-05-26,Hyundai,i20,Bengaluru,Started,Started,Mobile App
CHK-01335,CUS-00499,VEH-00919,2026-05-26,Honda,City,Bengaluru,Completed,Completed,Walk-in
CHK-01336,CUS-01485,VEH-00973,2026-05-26,Mahindra,Scorpio-N,Chennai,Started,Abandoned,Call Center
CHK-01337,CUS-01829,VEH-00097,2026-05-27,Maruti Suzuki,Brezza,Pune,Started,Started,Website
CHK-01338,CUS-01648,VEH-00181,2026-05-27,Hyundai,Creta,Chennai,Payment,Abandoned,Website
CHK-01339,CUS-01900,VEH-00181,2026-05-27,Hyundai,Creta,Chennai,Payment,Payment,Website
CHK-01340,CUS-00466,VEH-00620,2026-05-27,Tata,Nexon,Hyderabad,Completed,Completed,Call Center
CHK-01341,CUS-00429,VEH-00180,2026-05-28,Tata,Nexon,Pune,Completed,Completed,Call Center
CHK-01342,CUS-01544,VEH-00181,2026-05-28,Hyundai,Creta,Chennai,Payment,Payment,Website
CHK-01343,CUS-01966,VEH-00675,2026-05-29,Mahindra,Thar,Gurgaon,Payment,Abandoned,Mobile App
CHK-01344,CUS-01653,VEH-00328,2026-05-30,Tata,Punch,Chennai,Payment,Abandoned,Website
CHK-01345,CUS-01575,VEH-00738,2026-05-30,Mahindra,Thar,Bengaluru,Started,Started,Website
CHK-01346,CUS-00436,VEH-00322,2026-05-31,Mahindra,Thar,Mumbai,Completed,Completed,Website
CHK-01347,CUS-01733,VEH-00552,2026-05-31,Hyundai,Creta,Pune,Payment,Abandoned,Walk-in
CHK-01348,CUS-01548,VEH-00180,2026-06-01,Tata,Nexon,Pune,Started,Abandoned,Call Center
CHK-01349,CUS-01503,VEH-00322,2026-06-01,Mahindra,Thar,Mumbai,Payment,Payment,Website
CHK-01350,CUS-01720,VEH-00448,2026-06-01,Honda,City,Delhi,Started,Started,Call Center
CHK-01351,CUS-00427,VEH-00752,2026-06-01,Tata,Nexon,Ahmedabad,Completed,Completed,Walk-in
CHK-01352,CUS-01501,VEH-00998,2026-06-01,Maruti Suzuki,Ertiga,Ahmedabad,Started,Abandoned,Call Center
CHK-01353,CUS-01468,VEH-00180,2026-06-02,Tata,Nexon,Pune,Payment,Abandoned,Call Center
CHK-01354,CUS-00441,VEH-00539,2026-06-02,Mahindra,Thar,Ahmedabad,Completed,Completed,Walk-in
CHK-01355,CUS-01543,VEH-00755,2026-06-02,Kia,Seltos,Delhi,Payment,Payment,Mobile App
CHK-01356,CUS-00452,VEH-00358,2026-06-03,Maruti Suzuki,Baleno,Pune,Completed,Completed,Mobile App
CHK-01357,CUS-00572,VEH-00294,2026-06-04,Mahindra,Thar,Ahmedabad,Completed,Completed,Website
CHK-01358,CUS-01789,VEH-00078,2026-06-05,Maruti Suzuki,Swift,Delhi,Started,Abandoned,Walk-in
CHK-01359,CUS-00528,VEH-00196,2026-06-05,Hyundai,Venue,Bengaluru,Completed,Completed,Call Center
CHK-01360,CUS-00445,VEH-00576,2026-06-05,Mahindra,Scorpio-N,Delhi,Completed,Completed,Walk-in
CHK-01361,CUS-01893,VEH-00620,2026-06-05,Tata,Nexon,Hyderabad,Started,Abandoned,Mobile App
CHK-01362,CUS-01594,VEH-00709,2026-06-05,Maruti Suzuki,Baleno,Mumbai,Started,Started,Walk-in
CHK-01363,CUS-01724,VEH-00924,2026-06-05,Hyundai,Creta,Ahmedabad,Started,Started,Mobile App
CHK-01364,CUS-01554,VEH-00046,2026-06-06,Tata,Nexon,Ahmedabad,Started,Started,Website
CHK-01365,CUS-01872,VEH-00755,2026-06-07,Kia,Seltos,Delhi,Started,Started,Walk-in
CHK-01366,CUS-01669,VEH-00490,2026-06-08,Mahindra,Thar,Gurgaon,Started,Abandoned,Website
CHK-01367,CUS-01833,VEH-00552,2026-06-08,Hyundai,Creta,Pune,Payment,Payment,Website
CHK-01368,CUS-01764,VEH-00580,2026-06-08,Hyundai,Creta,Chennai,Started,Started,Website
CHK-01369,CUS-01526,VEH-00180,2026-06-09,Tata,Nexon,Pune,Started,Started,Website
CHK-01370,CUS-00549,VEH-00982,2026-06-09,Maruti Suzuki,Baleno,Pune,Completed,Completed,Website
CHK-01371,CUS-00437,VEH-00355,2026-06-10,Volkswagen,Virtus,Pune,Completed,Completed,Mobile App
CHK-01372,CUS-00450,VEH-00448,2026-06-10,Honda,City,Delhi,Completed,Completed,Walk-in
CHK-01373,CUS-01979,VEH-00251,2026-06-11,Hyundai,i20,Mumbai,Started,Started,Call Center
CHK-01374,CUS-01742,VEH-00159,2026-06-12,Maruti Suzuki,Swift,Delhi,Started,Abandoned,Website
CHK-01375,CUS-01725,VEH-00675,2026-06-12,Mahindra,Thar,Gurgaon,Started,Abandoned,Walk-in
CHK-01376,CUS-01708,VEH-00898,2026-06-12,Tata,Tiago,Pune,Started,Started,Website
CHK-01377,CUS-01795,VEH-00229,2026-06-13,Mahindra,XUV700,Ahmedabad,Payment,Abandoned,Mobile App
CHK-01378,CUS-01934,VEH-00664,2026-06-13,Kia,Seltos,Gurgaon,Started,Started,Walk-in
CHK-01379,CUS-00461,VEH-00741,2026-06-13,Hyundai,i20,Gurgaon,Completed,Completed,Walk-in
CHK-01380,CUS-01490,VEH-00796,2026-06-13,Maruti Suzuki,Baleno,Pune,Started,Abandoned,Mobile App
CHK-01381,CUS-00456,VEH-00755,2026-06-14,Kia,Seltos,Delhi,Completed,Completed,Walk-in
CHK-01382,CUS-01983,VEH-00795,2026-06-14,Tata,Tiago,Bengaluru,Started,Abandoned,Website
CHK-01383,CUS-01523,VEH-00906,2026-06-14,Tata,Nexon,Delhi,Payment,Payment,Mobile App
CHK-01384,CUS-01584,VEH-00924,2026-06-14,Hyundai,Creta,Ahmedabad,Payment,Payment,Walk-in
CHK-01385,CUS-01796,VEH-00250,2026-06-15,Tata,Tiago,Chennai,Started,Abandoned,Mobile App
CHK-01386,CUS-01692,VEH-00288,2026-06-15,Mahindra,Thar,Hyderabad,Started,Abandoned,Walk-in
CHK-01387,CUS-01593,VEH-00888,2026-06-15,Hyundai,Creta,Gurgaon,Started,Abandoned,Walk-in
CHK-01388,CUS-00449,VEH-00875,2026-06-17,Maruti Suzuki,Swift,Delhi,Completed,Completed,Walk-in
CHK-01389,CUS-00512,VEH-00159,2026-06-18,Maruti Suzuki,Swift,Delhi,Completed,Completed,Mobile App
CHK-01390,CUS-01820,VEH-00231,2026-06-18,Hyundai,i20,Gurgaon,Started,Abandoned,Website
CHK-01391,CUS-00444,VEH-00739,2026-06-18,Skoda,Kushaq,Mumbai,Completed,Completed,Website
CHK-01392,CUS-00473,VEH-00139,2026-06-19,Mahindra,XUV700,Delhi,Completed,Completed,Walk-in
CHK-01393,CUS-00480,VEH-00078,2026-06-20,Maruti Suzuki,Swift,Delhi,Completed,Completed,Website
CHK-01394,CUS-00495,VEH-00316,2026-06-20,Toyota,Innova Hycross,Delhi,Completed,Completed,Walk-in
CHK-01395,CUS-00440,VEH-00468,2026-06-20,Toyota,Innova Hycross,Gurgaon,Completed,Completed,Walk-in
CHK-01396,CUS-00463,VEH-00938,2026-06-20,Maruti Suzuki,Baleno,Mumbai,Completed,Completed,Website
CHK-01397,CUS-00464,VEH-00229,2026-06-22,Mahindra,XUV700,Ahmedabad,Completed,Completed,Website
CHK-01398,CUS-00493,VEH-00288,2026-06-22,Mahindra,Thar,Hyderabad,Completed,Completed,Call Center
CHK-01399,CUS-01792,VEH-00644,2026-06-22,Maruti Suzuki,Baleno,Gurgaon,Started,Started,Walk-in
CHK-01400,CUS-01786,VEH-00888,2026-06-23,Hyundai,Creta,Gurgaon,Payment,Abandoned,Mobile App
CHK-01401,CUS-00476,VEH-00650,2026-06-24,Skoda,Kushaq,Pune,Completed,Completed,Mobile App
CHK-01402,CUS-01633,VEH-00820,2026-06-24,Maruti Suzuki,Swift,Gurgaon,Payment,Abandoned,Website
CHK-01403,CUS-01564,VEH-00642,2026-06-25,Mahindra,Scorpio-N,Chennai,Started,Abandoned,Website
CHK-01404,CUS-00447,VEH-00742,2026-06-25,Tata,Nexon,Bengaluru,Completed,Completed,Website
CHK-01405,CUS-00469,VEH-00813,2026-06-26,Kia,Seltos,Ahmedabad,Completed,Completed,Walk-in
CHK-01406,CUS-00515,VEH-00844,2026-06-26,Maruti Suzuki,Baleno,Bengaluru,Completed,Completed,Call Center
CHK-01407,CUS-01465,VEH-00160,2026-06-28,Maruti Suzuki,Swift,Bengaluru,Started,Started,Mobile App
CHK-01408,CUS-01711,VEH-00363,2026-06-28,Maruti Suzuki,Swift,Delhi,Payment,Payment,Mobile App
CHK-01409,CUS-00556,VEH-00738,2026-06-28,Mahindra,Thar,Bengaluru,Completed,Completed,Website
CHK-01410,CUS-01650,VEH-00192,2026-06-29,Maruti Suzuki,Baleno,Ahmedabad,Started,Started,Website
CHK-01411,CUS-00527,VEH-00796,2026-06-29,Maruti Suzuki,Baleno,Pune,Completed,Completed,Walk-in
CHK-01412,CUS-01950,VEH-00855,2026-06-29,Mahindra,XUV700,Delhi,Payment,Abandoned,Call Center
CHK-01413,CUS-01881,VEH-00288,2026-06-30,Mahindra,Thar,Hyderabad,Payment,Abandoned,Website
CHK-01414,CUS-01631,VEH-00676,2026-06-30,Mahindra,Scorpio-N,Bengaluru,Started,Abandoned,Call Center
CHK-01415,CUS-01510,VEH-00858,2026-06-30,Maruti Suzuki,Swift,Mumbai,Started,Abandoned,Mobile App
CHK-01416,CUS-01940,VEH-00203,2026-07-01,Toyota,Innova Hycross,Hyderabad,Started,Abandoned,Website
CHK-01417,CUS-00584,VEH-00024,2026-07-02,Hyundai,Venue,Hyderabad,Completed,Completed,Mobile App
CHK-01418,CUS-00586,VEH-00295,2026-07-02,Maruti Suzuki,Swift,Chennai,Completed,Completed,Call Center
CHK-01419,CUS-01761,VEH-00937,2026-07-02,Tata,Punch,Pune,Started,Abandoned,Website
CHK-01420,CUS-01696,VEH-00592,2026-07-03,Maruti Suzuki,Ertiga,Delhi,Started,Abandoned,Mobile App
CHK-01421,CUS-01673,VEH-00068,2026-07-04,Hyundai,i20,Mumbai,Started,Started,Website
CHK-01422,CUS-01805,VEH-00150,2026-07-04,Maruti Suzuki,Baleno,Pune,Started,Started,Walk-in
CHK-01423,CUS-01877,VEH-00548,2026-07-04,Hyundai,Venue,Chennai,Started,Started,Mobile App
CHK-01424,CUS-00548,VEH-00647,2026-07-04,Maruti Suzuki,Brezza,Gurgaon,Completed,Completed,Call Center
CHK-01425,CUS-01476,VEH-00916,2026-07-04,Toyota,Innova Hycross,Mumbai,Started,Abandoned,Website
CHK-01426,CUS-01670,VEH-00387,2026-07-05,Maruti Suzuki,Swift,Gurgaon,Started,Abandoned,Website
CHK-01427,CUS-00508,VEH-00551,2026-07-06,Hyundai,Creta,Delhi,Completed,Completed,Mobile App
CHK-01428,CUS-01765,VEH-00747,2026-07-06,Maruti Suzuki,Baleno,Pune,Started,Abandoned,Mobile App
CHK-01429,CUS-00459,VEH-00112,2026-07-07,Hyundai,Creta,Chennai,Completed,Completed,Walk-in
CHK-01430,CUS-01515,VEH-00112,2026-07-07,Hyundai,Creta,Chennai,Payment,Payment,Mobile App
CHK-01431,CUS-00467,VEH-00150,2026-07-07,Maruti Suzuki,Baleno,Pune,Completed,Completed,Mobile App
CHK-01432,CUS-00485,VEH-00069,2026-07-08,Maruti Suzuki,Baleno,Gurgaon,Completed,Completed,Mobile App
CHK-01433,CUS-01726,VEH-00924,2026-07-08,Hyundai,Creta,Ahmedabad,Payment,Abandoned,Website
CHK-01434,CUS-01525,VEH-00045,2026-07-09,Maruti Suzuki,Brezza,Delhi,Payment,Abandoned,Call Center
CHK-01435,CUS-01540,VEH-00101,2026-07-09,Maruti Suzuki,Swift,Mumbai,Started,Started,Mobile App
CHK-01436,CUS-01993,VEH-00472,2026-07-09,Maruti Suzuki,Baleno,Bengaluru,Payment,Abandoned,Website
CHK-01437,CUS-00458,VEH-00036,2026-07-10,BMW,3 Series,Hyderabad,Completed,Completed,Walk-in
CHK-01438,CUS-01948,VEH-00081,2026-07-10,Hyundai,Creta,Delhi,Payment,Payment,Walk-in
CHK-01439,CUS-01975,VEH-00112,2026-07-10,Hyundai,Creta,Chennai,Started,Started,Mobile App
CHK-01440,CUS-01473,VEH-00547,2026-07-10,Tata,Nexon,Chennai,Payment,Abandoned,Website
CHK-01441,CUS-00505,VEH-00574,2026-07-10,Mahindra,XUV700,Chennai,Completed,Completed,Mobile App
CHK-01442,CUS-00472,VEH-00642,2026-07-10,Mahindra,Scorpio-N,Chennai,Completed,Completed,Walk-in
CHK-01443,CUS-01790,VEH-00208,2026-07-11,Maruti Suzuki,Brezza,Bengaluru,Started,Abandoned,Call Center
CHK-01444,CUS-01851,VEH-00431,2026-07-11,Mahindra,XUV700,Hyderabad,Started,Abandoned,Website
CHK-01445,CUS-00496,VEH-00447,2026-07-11,Maruti Suzuki,Baleno,Mumbai,Completed,Completed,Walk-in
CHK-01446,CUS-01703,VEH-00704,2026-07-11,Maruti Suzuki,Swift,Ahmedabad,Payment,Abandoned,Website
CHK-01447,CUS-00470,VEH-00081,2026-07-12,Hyundai,Creta,Delhi,Completed,Completed,Walk-in
CHK-01448,CUS-01825,VEH-00081,2026-07-12,Hyundai,Creta,Delhi,Payment,Payment,Walk-in
CHK-01449,CUS-01744,VEH-00272,2026-07-12,Hyundai,Creta,Pune,Started,Abandoned,Call Center
CHK-01450,CUS-00468,VEH-00691,2026-07-12,Mahindra,XUV700,Delhi,Completed,Completed,Call Center
CHK-01451,CUS-00517,VEH-00285,2026-07-13,Maruti Suzuki,Swift,Gurgaon,Completed,Completed,Walk-in
CHK-01452,CUS-00488,VEH-00293,2026-07-13,Tata,Nexon,Mumbai,Completed,Completed,Mobile App
CHK-01453,CUS-00471,VEH-00492,2026-07-13,Maruti Suzuki,Brezza,Ahmedabad,Completed,Completed,Walk-in
CHK-01454,CUS-01957,VEH-00081,2026-07-14,Hyundai,Creta,Delhi,Payment,Abandoned,Mobile App
CHK-01455,CUS-01658,VEH-00551,2026-07-14,Hyundai,Creta,Delhi,Payment,Abandoned,Call Center
CHK-01456,CUS-01924,VEH-00991,2026-07-14,Maruti Suzuki,Brezza,Mumbai,Started,Started,Website
CHK-01457,CUS-01697,VEH-00691,2026-07-15,Mahindra,XUV700,Delhi,Started,Abandoned,Mobile App
CHK-01458,CUS-01689,VEH-00780,2026-07-15,Tata,Punch,Bengaluru,Started,Started,Website
CHK-01459,CUS-01834,VEH-00923,2026-07-15,Tata,Nexon,Bengaluru,Started,Abandoned,Mobile App
CHK-01460,CUS-01919,VEH-00208,2026-07-16,Maruti Suzuki,Brezza,Bengaluru,Started,Started,Walk-in
CHK-01461,CUS-01818,VEH-00273,2026-07-16,Maruti Suzuki,Baleno,Delhi,Started,Started,Website
CHK-01462,CUS-00587,VEH-00306,2026-07-17,Maruti Suzuki,Brezza,Bengaluru,Completed,Completed,Call Center
CHK-01463,CUS-00478,VEH-00442,2026-07-17,Hyundai,Venue,Delhi,Completed,Completed,Walk-in
CHK-01464,CUS-00568,VEH-00820,2026-07-17,Maruti Suzuki,Swift,Gurgaon,Completed,Completed,Walk-in
CHK-01465,CUS-00516,VEH-00561,2026-07-18,Hyundai,i20,Mumbai,Completed,Completed,Walk-in
CHK-01466,CUS-01604,VEH-00920,2026-07-18,Maruti Suzuki,Swift,Hyderabad,Payment,Abandoned,Call Center
CHK-01467,CUS-01472,VEH-00192,2026-07-19,Maruti Suzuki,Baleno,Ahmedabad,Started,Started,Mobile App
CHK-01468,CUS-00483,VEH-00097,2026-07-20,Maruti Suzuki,Brezza,Pune,Completed,Completed,Website
CHK-01469,CUS-00498,VEH-00238,2026-07-20,Hyundai,Creta,Gurgaon,Completed,Completed,Walk-in
CHK-01470,CUS-00475,VEH-00263,2026-07-20,Mahindra,XUV700,Gurgaon,Completed,Completed,Mobile App
CHK-01471,CUS-01748,VEH-00494,2026-07-20,Maruti Suzuki,Swift,Mumbai,Payment,Payment,Website
CHK-01472,CUS-01845,VEH-00592,2026-07-20,Maruti Suzuki,Ertiga,Delhi,Payment,Abandoned,Website
CHK-01473,CUS-01637,VEH-00796,2026-07-20,Maruti Suzuki,Baleno,Pune,Started,Abandoned,Website
CHK-01474,CUS-00551,VEH-00971,2026-07-21,MG,Hector,Ahmedabad,Completed,Completed,Mobile App
CHK-01475,CUS-00550,VEH-00459,2026-07-22,Tata,Nexon,Chennai,Completed,Completed,Walk-in
CHK-01476,CUS-01598,VEH-00459,2026-07-22,Tata,Nexon,Chennai,Payment,Abandoned,Walk-in
CHK-01477,CUS-01546,VEH-00081,2026-07-23,Hyundai,Creta,Delhi,Payment,Abandoned,Mobile App
CHK-01478,CUS-00503,VEH-00244,2026-07-23,Mahindra,XUV700,Gurgaon,Completed,Completed,Mobile App
CHK-01479,CUS-01838,VEH-00334,2026-07-23,Mahindra,Scorpio-N,Chennai,Started,Abandoned,Website
CHK-01480,CUS-01676,VEH-00442,2026-07-23,Hyundai,Venue,Delhi,Payment,Abandoned,Website
CHK-01481,CUS-01656,VEH-00874,2026-07-23,Mahindra,Thar,Pune,Started,Abandoned,Website
CHK-01482,CUS-01841,VEH-00537,2026-07-24,Tata,Punch,Delhi,Payment,Abandoned,Walk-in
CHK-01483,CUS-01488,VEH-00923,2026-07-24,Tata,Nexon,Bengaluru,Started,Abandoned,Call Center
CHK-01484,CUS-00482,VEH-00966,2026-07-24,Mahindra,XUV700,Pune,Completed,Completed,Website
CHK-01485,CUS-00486,VEH-00251,2026-07-25,Hyundai,i20,Mumbai,Completed,Completed,Walk-in
CHK-01486,CUS-00481,VEH-00363,2026-07-25,Maruti Suzuki,Swift,Delhi,Completed,Completed,Walk-in
CHK-01487,CUS-00506,VEH-00715,2026-07-25,Kia,Seltos,Bengaluru,Completed,Completed,Call Center
CHK-01488,CUS-01793,VEH-00874,2026-07-25,Mahindra,Thar,Pune,Started,Started,Website
CHK-01489,CUS-00489,VEH-00100,2026-07-26,Mahindra,Scorpio-N,Mumbai,Completed,Completed,Walk-in
CHK-01490,CUS-00638,VEH-00874,2026-07-26,Mahindra,Thar,Pune,Completed,Completed,Mobile App
CHK-01491,CUS-00525,VEH-00855,2026-07-27,Mahindra,XUV700,Delhi,Completed,Completed,Website
CHK-01492,CUS-01531,VEH-00551,2026-07-28,Hyundai,Creta,Delhi,Started,Abandoned,Call Center
CHK-01493,CUS-01941,VEH-00857,2026-07-29,Volkswagen,Virtus,Gurgaon,Started,Abandoned,Mobile App
CHK-01494,CUS-01980,VEH-00906,2026-07-30,Tata,Nexon,Delhi,Started,Started,Mobile App
CHK-01495,CUS-00502,VEH-00920,2026-07-30,Maruti Suzuki,Swift,Hyderabad,Completed,Completed,Walk-in
CHK-01496,CUS-01876,VEH-00097,2026-07-31,Maruti Suzuki,Brezza,Pune,Started,Started,Mobile App
CHK-01497,CUS-00487,VEH-00472,2026-07-31,Maruti Suzuki,Baleno,Bengaluru,Completed,Completed,Mobile App
CHK-01498,CUS-01878,VEH-00238,2026-08-01,Hyundai,Creta,Gurgaon,Started,Abandoned,Website
CHK-01499,CUS-00563,VEH-00403,2026-08-01,Mahindra,XUV700,Hyderabad,Completed,Completed,Walk-in
CHK-01500,CUS-00703,VEH-00082,2026-08-02,MG,Hector,Pune,Payment,Payment,Mobile App
CHK-01501,CUS-01728,VEH-00550,2026-08-02,Honda,City,Pune,Started,Started,Website
CHK-01502,CUS-00751,VEH-00764,2026-08-02,Mahindra,XUV700,Hyderabad,Started,Started,Mobile App
CHK-01503,CUS-01798,VEH-00522,2026-08-03,Maruti Suzuki,Brezza,Delhi,Started,Abandoned,Website
CHK-01504,CUS-00540,VEH-00997,2026-08-03,Maruti Suzuki,Baleno,Gurgaon,Completed,Completed,Call Center
CHK-01505,CUS-00720,VEH-00356,2026-08-05,Hyundai,Venue,Delhi,Payment,Payment,Walk-in
CHK-01506,CUS-00731,VEH-00498,2026-08-05,Tata,Nexon,Mumbai,Payment,Payment,Website
CHK-01507,CUS-01827,VEH-00500,2026-08-05,Tata,Nexon,Mumbai,Payment,Payment,Website
CHK-01508,CUS-00532,VEH-00548,2026-08-06,Hyundai,Venue,Chennai,Completed,Completed,Website
CHK-01509,CUS-01585,VEH-00288,2026-08-08,Mahindra,Thar,Hyderabad,Payment,Payment,Call Center
CHK-01510,CUS-00490,VEH-00203,2026-08-09,Toyota,Innova Hycross,Hyderabad,Completed,Completed,Website
CHK-01511,CUS-01534,VEH-00548,2026-08-10,Hyundai,Venue,Chennai,Started,Abandoned,Website
CHK-01512,CUS-00735,VEH-00610,2026-08-10,Mahindra,XUV700,Hyderabad,Started,Started,Walk-in
CHK-01513,CUS-00714,VEH-00284,2026-08-12,Maruti Suzuki,Baleno,Mumbai,Payment,Payment,Website
CHK-01514,CUS-01583,VEH-00525,2026-08-12,Hyundai,Venue,Chennai,Payment,Abandoned,Walk-in
CHK-01515,CUS-01927,VEH-00601,2026-08-12,Tata,Tiago,Chennai,Payment,Abandoned,Walk-in
CHK-01516,CUS-01774,VEH-00955,2026-08-12,Maruti Suzuki,Ertiga,Bengaluru,Started,Started,Website
CHK-01517,CUS-01831,VEH-00238,2026-08-13,Hyundai,Creta,Gurgaon,Started,Started,Walk-in
CHK-01518,CUS-01463,VEH-00659,2026-08-13,Maruti Suzuki,Ertiga,Ahmedabad,Started,Started,Walk-in
CHK-01519,CUS-01985,VEH-00676,2026-08-13,Mahindra,Scorpio-N,Bengaluru,Started,Started,Mobile App
CHK-01520,CUS-00531,VEH-00119,2026-08-14,Maruti Suzuki,Ertiga,Pune,Completed,Completed,Mobile App
CHK-01521,CUS-01649,VEH-00551,2026-08-14,Hyundai,Creta,Delhi,Started,Started,Website
CHK-01522,CUS-01541,VEH-00028,2026-08-15,Skoda,Kushaq,Chennai,Started,Started,Mobile App
CHK-01523,CUS-00491,VEH-00259,2026-08-15,Kia,Seltos,Bengaluru,Completed,Completed,Mobile App
CHK-01524,CUS-00513,VEH-00747,2026-08-16,Maruti Suzuki,Baleno,Pune,Completed,Completed,Mobile App
CHK-01525,CUS-01481,VEH-00466,2026-08-17,BMW,3 Series,Mumbai,Payment,Abandoned,Mobile App
CHK-01526,CUS-01860,VEH-00466,2026-08-17,BMW,3 Series,Mumbai,Payment,Abandoned,Mobile App
CHK-01527,CUS-00492,VEH-00570,2026-08-17,Maruti Suzuki,Brezza,Bengaluru,Completed,Completed,Call Center
CHK-01528,CUS-00729,VEH-00460,2026-08-18,Kia,Seltos,Mumbai,Payment,Payment,Website
CHK-01529,CUS-01856,VEH-00923,2026-08-18,Tata,Nexon,Bengaluru,Started,Abandoned,Mobile App
CHK-01530,CUS-01674,VEH-00050,2026-08-19,Hyundai,Creta,Chennai,Payment,Payment,Website
CHK-01531,CUS-00658,VEH-00449,2026-08-19,Tata,Nexon,Delhi,Completed,Completed,Walk-in
CHK-01532,CUS-01880,VEH-00518,2026-08-19,Maruti Suzuki,Baleno,Hyderabad,Payment,Abandoned,Mobile App
CHK-01533,CUS-00497,VEH-00973,2026-08-19,Mahindra,Scorpio-N,Chennai,Completed,Completed,Call Center
CHK-01534,CUS-01917,VEH-00238,2026-08-20,Hyundai,Creta,Gurgaon,Payment,Abandoned,Mobile App
CHK-01535,CUS-01587,VEH-00664,2026-08-20,Kia,Seltos,Gurgaon,Started,Started,Website
CHK-01536,CUS-00559,VEH-00867,2026-08-20,Maruti Suzuki,Ertiga,Mumbai,Completed,Completed,Walk-in
CHK-01537,CUS-01505,VEH-00574,2026-08-21,Mahindra,XUV700,Chennai,Payment,Abandoned,Mobile App
CHK-01538,CUS-00526,VEH-00273,2026-08-22,Maruti Suzuki,Baleno,Delhi,Completed,Completed,Website
CHK-01539,CUS-00748,VEH-00706,2026-08-22,Hyundai,Venue,Chennai,Started,Started,Mobile App
CHK-01540,CUS-00536,VEH-00906,2026-08-22,Tata,Nexon,Delhi,Completed,Completed,Mobile App
CHK-01541,CUS-00507,VEH-00921,2026-08-22,Kia,Seltos,Mumbai,Completed,Completed,Walk-in
CHK-01542,CUS-01847,VEH-00192,2026-08-23,Maruti Suzuki,Baleno,Ahmedabad,Started,Started,Website
CHK-01543,CUS-00577,VEH-00330,2026-08-23,Tata,Nexon,Bengaluru,Completed,Completed,Mobile App
CHK-01544,CUS-01497,VEH-00711,2026-08-23,Hyundai,Creta,Pune,Payment,Abandoned,Website
CHK-01545,CUS-00511,VEH-00923,2026-08-23,Tata,Nexon,Bengaluru,Completed,Completed,Walk-in
CHK-01546,CUS-01970,VEH-00238,2026-08-25,Hyundai,Creta,Gurgaon,Started,Started,Website
CHK-01547,CUS-00560,VEH-00163,2026-08-26,Maruti Suzuki,Swift,Chennai,Completed,Completed,Walk-in
CHK-01548,CUS-01627,VEH-00562,2026-08-26,Hyundai,Creta,Bengaluru,Started,Abandoned,Mobile App
CHK-01549,CUS-00745,VEH-00679,2026-08-26,Tata,Nexon,Chennai,Started,Started,Mobile App
CHK-01550,CUS-01500,VEH-00711,2026-08-26,Hyundai,Creta,Pune,Started,Abandoned,Website
CHK-01551,CUS-01509,VEH-00778,2026-08-26,Hyundai,i20,Mumbai,Started,Abandoned,Website
CHK-01552,CUS-00595,VEH-00840,2026-08-26,Honda,City,Chennai,Completed,Completed,Walk-in
CHK-01553,CUS-01973,VEH-00845,2026-08-26,Kia,Seltos,Delhi,Started,Abandoned,Mobile App
CHK-01554,CUS-00504,VEH-00955,2026-08-26,Maruti Suzuki,Ertiga,Bengaluru,Completed,Completed,Call Center
CHK-01555,CUS-01512,VEH-00306,2026-08-27,Maruti Suzuki,Brezza,Bengaluru,Started,Abandoned,Mobile App
CHK-01556,CUS-00542,VEH-00722,2026-08-27,Volkswagen,Virtus,Chennai,Completed,Completed,Mobile App
CHK-01557,CUS-01933,VEH-00770,2026-08-27,Mahindra,Scorpio-N,Bengaluru,Payment,Abandoned,Walk-in
CHK-01558,CUS-01828,VEH-00823,2026-08-27,Mahindra,Thar,Pune,Started,Abandoned,Walk-in
CHK-01559,CUS-00573,VEH-00491,2026-08-28,Mahindra,XUV700,Bengaluru,Completed,Completed,Mobile App
CHK-01560,CUS-01850,VEH-00536,2026-08-28,Mahindra,Thar,Bengaluru,Started,Abandoned,Call Center
CHK-01561,CUS-01487,VEH-00551,2026-08-28,Hyundai,Creta,Delhi,Started,Abandoned,Walk-in
CHK-01562,CUS-00547,VEH-00593,2026-08-28,Hyundai,Creta,Bengaluru,Completed,Completed,Mobile App
CHK-01563,CUS-01556,VEH-00711,2026-08-28,Hyundai,Creta,Pune,Started,Abandoned,Website
CHK-01564,CUS-00669,VEH-00857,2026-08-28,Volkswagen,Virtus,Gurgaon,Completed,Completed,Mobile App
CHK-01565,CUS-01477,VEH-00857,2026-08-28,Volkswagen,Virtus,Gurgaon,Started,Started,Walk-in
CHK-01566,CUS-00755,VEH-00881,2026-08-28,MG,Hector,Chennai,Started,Started,Website
CHK-01567,CUS-00553,VEH-00394,2026-08-29,Maruti Suzuki,Baleno,Bengaluru,Completed,Completed,Website
CHK-01568,CUS-01836,VEH-00574,2026-08-29,Mahindra,XUV700,Chennai,Started,Started,Website
CHK-01569,CUS-01667,VEH-00593,2026-08-29,Hyundai,Creta,Bengaluru,Started,Abandoned,Website
CHK-01570,CUS-00514,VEH-00770,2026-08-29,Mahindra,Scorpio-N,Bengaluru,Completed,Completed,Call Center
CHK-01571,CUS-00710,VEH-00193,2026-08-30,Maruti Suzuki,Swift,Mumbai,Payment,Payment,Mobile App
CHK-01572,CUS-00579,VEH-00508,2026-08-30,Honda,City,Chennai,Completed,Completed,Mobile App
CHK-01573,CUS-00501,VEH-00562,2026-08-30,Hyundai,Creta,Bengaluru,Completed,Completed,Walk-in
CHK-01574,CUS-01506,VEH-00579,2026-08-30,Mahindra,Scorpio-N,Mumbai,Payment,Payment,Walk-in
CHK-01575,CUS-01891,VEH-00682,2026-08-30,Maruti Suzuki,Brezza,Hyderabad,Started,Abandoned,Website
CHK-01576,CUS-00708,VEH-00157,2026-08-31,Volkswagen,Virtus,Mumbai,Payment,Payment,Walk-in
CHK-01577,CUS-01474,VEH-00213,2026-08-31,Tata,Tiago,Chennai,Started,Abandoned,Website
CHK-01578,CUS-00737,VEH-00621,2026-08-31,Hyundai,Venue,Hyderabad,Started,Started,Website
CHK-01579,CUS-00752,VEH-00788,2026-08-31,Maruti Suzuki,Swift,Mumbai,Started,Started,Mobile App
CHK-01580,CUS-01908,VEH-00257,2026-09-01,Skoda,Kushaq,Hyderabad,Started,Started,Call Center
CHK-01581,CUS-00519,VEH-00536,2026-09-01,Mahindra,Thar,Bengaluru,Completed,Completed,Walk-in
CHK-01582,CUS-01535,VEH-00579,2026-09-01,Mahindra,Scorpio-N,Mumbai,Payment,Abandoned,Walk-in
CHK-01583,CUS-01714,VEH-00722,2026-09-01,Volkswagen,Virtus,Chennai,Started,Abandoned,Website
CHK-01584,CUS-00510,VEH-00206,2026-09-03,Maruti Suzuki,Brezza,Delhi,Completed,Completed,Walk-in
CHK-01585,CUS-00738,VEH-00628,2026-09-03,Tata,Nexon,Chennai,Started,Started,Call Center
CHK-01586,CUS-00539,VEH-00711,2026-09-03,Hyundai,Creta,Pune,Completed,Completed,Mobile App
CHK-01587,CUS-01484,VEH-00997,2026-09-03,Maruti Suzuki,Baleno,Gurgaon,Payment,Payment,Website
CHK-01588,CUS-00521,VEH-00522,2026-09-04,Maruti Suzuki,Brezza,Delhi,Completed,Completed,Walk-in
CHK-01589,CUS-00509,VEH-00579,2026-09-04,Mahindra,Scorpio-N,Mumbai,Completed,Completed,Mobile App
CHK-01590,CUS-00533,VEH-00592,2026-09-04,Maruti Suzuki,Ertiga,Delhi,Completed,Completed,Mobile App
CHK-01591,CUS-01837,VEH-00690,2026-09-04,Tata,Punch,Bengaluru,Started,Abandoned,Website
CHK-01592,CUS-01811,VEH-00762,2026-09-04,Tata,Tiago,Chennai,Started,Started,Website
CHK-01593,CUS-01988,VEH-00790,2026-09-04,Hyundai,Venue,Hyderabad,Started,Abandoned,Website
CHK-01594,CUS-00612,VEH-00986,2026-09-04,Maruti Suzuki,Ertiga,Hyderabad,Completed,Completed,Walk-in
CHK-01595,CUS-01992,VEH-00071,2026-09-05,Honda,City,Delhi,Payment,Abandoned,Mobile App
CHK-01596,CUS-00704,VEH-00105,2026-09-05,Mahindra,Scorpio-N,Delhi,Payment,Payment,Mobile App
CHK-01597,CUS-00518,VEH-00676,2026-09-05,Mahindra,Scorpio-N,Bengaluru,Completed,Completed,Mobile App
CHK-01598,CUS-01892,VEH-00676,2026-09-05,Mahindra,Scorpio-N,Bengaluru,Payment,Abandoned,Website
CHK-01599,CUS-00555,VEH-00677,2026-09-05,Hyundai,Venue,Mumbai,Completed,Completed,Mobile App
CHK-01600,CUS-00520,VEH-00778,2026-09-05,Hyundai,i20,Mumbai,Completed,Completed,Walk-in
CHK-01601,CUS-01659,VEH-00839,2026-09-05,Mahindra,XUV700,Delhi,Started,Abandoned,Walk-in
CHK-01602,CUS-00541,VEH-00165,2026-09-07,Tata,Nexon,Delhi,Completed,Completed,Website
CHK-01603,CUS-01502,VEH-00165,2026-09-07,Tata,Nexon,Delhi,Started,Abandoned,Walk-in
CHK-01604,CUS-00717,VEH-00342,2026-09-07,Mahindra,XUV700,Gurgaon,Payment,Payment,Website
CHK-01605,CUS-01630,VEH-00443,2026-09-07,Kia,Seltos,Chennai,Started,Abandoned,Walk-in
CHK-01606,CUS-00585,VEH-00466,2026-09-07,BMW,3 Series,Mumbai,Completed,Completed,Mobile App
CHK-01607,CUS-01533,VEH-00727,2026-09-07,Maruti Suzuki,Brezza,Ahmedabad,Started,Started,Walk-in
CHK-01608,CUS-00523,VEH-00748,2026-09-07,Hyundai,i20,Gurgaon,Completed,Completed,Walk-in
CHK-01609,CUS-00582,VEH-00845,2026-09-07,Kia,Seltos,Delhi,Completed,Completed,Walk-in
CHK-01610,CUS-00733,VEH-00528,2026-09-08,Hyundai,i20,Delhi,Payment,Payment,Mobile App
CHK-01611,CUS-01816,VEH-00932,2026-09-08,Maruti Suzuki,Brezza,Gurgaon,Payment,Abandoned,Mobile App
CHK-01612,CUS-01713,VEH-00146,2026-09-09,Tata,Nexon,Chennai,Payment,Payment,Website
CHK-01613,CUS-01981,VEH-00146,2026-09-09,Tata,Nexon,Chennai,Payment,Payment,Mobile App
CHK-01614,CUS-01561,VEH-00392,2026-09-09,Hyundai,Creta,Bengaluru,Started,Abandoned,Call Center
CHK-01615,CUS-01617,VEH-00392,2026-09-09,Hyundai,Creta,Bengaluru,Started,Started,Website
CHK-01616,CUS-01671,VEH-00459,2026-09-09,Tata,Nexon,Chennai,Started,Started,Website
CHK-01617,CUS-01758,VEH-00494,2026-09-09,Maruti Suzuki,Swift,Mumbai,Payment,Abandoned,Mobile App
CHK-01618,CUS-01955,VEH-00727,2026-09-09,Maruti Suzuki,Brezza,Ahmedabad,Started,Started,Website
CHK-01619,CUS-00561,VEH-00942,2026-09-09,Hyundai,i20,Delhi,Completed,Completed,Walk-in
CHK-01620,CUS-01579,VEH-00088,2026-09-10,Tata,Tiago,Mumbai,Started,Started,Call Center
CHK-01621,CUS-00534,VEH-00192,2026-09-10,Maruti Suzuki,Baleno,Ahmedabad,Completed,Completed,Walk-in
CHK-01622,CUS-00524,VEH-00790,2026-09-10,Hyundai,Venue,Hyderabad,Completed,Completed,Website
CHK-01623,CUS-01731,VEH-00932,2026-09-10,Maruti Suzuki,Brezza,Gurgaon,Started,Started,Walk-in
CHK-01624,CUS-00712,VEH-00235,2026-09-11,Maruti Suzuki,Ertiga,Mumbai,Payment,Payment,Walk-in
CHK-01625,CUS-00715,VEH-00332,2026-09-11,Maruti Suzuki,Swift,Bengaluru,Payment,Payment,Website
CHK-01626,CUS-01560,VEH-00915,2026-09-11,Maruti Suzuki,Baleno,Mumbai,Payment,Payment,Website
CHK-01627,CUS-00522,VEH-00932,2026-09-11,Maruti Suzuki,Brezza,Gurgaon,Completed,Completed,Mobile App
CHK-01628,CUS-01680,VEH-00165,2026-09-12,Tata,Nexon,Delhi,Started,Started,Website
CHK-01629,CUS-01859,VEH-00299,2026-09-12,Hyundai,Creta,Chennai,Payment,Abandoned,Call Center
CHK-01630,CUS-01885,VEH-00228,2026-09-13,Hyundai,i20,Hyderabad,Payment,Payment,Website
CHK-01631,CUS-00724,VEH-00393,2026-09-13,Kia,Seltos,Hyderabad,Payment,Payment,Website
CHK-01632,CUS-01915,VEH-00593,2026-09-13,Hyundai,Creta,Bengaluru,Started,Started,Call Center
CHK-01633,CUS-00567,VEH-00829,2026-09-13,Hyundai,i20,Delhi,Completed,Completed,Mobile App
CHK-01634,CUS-01972,VEH-00126,2026-09-14,Hyundai,Venue,Chennai,Started,Abandoned,Walk-in
CHK-01635,CUS-00564,VEH-00727,2026-09-14,Maruti Suzuki,Brezza,Ahmedabad,Completed,Completed,Walk-in
CHK-01636,CUS-01492,VEH-00820,2026-09-14,Maruti Suzuki,Swift,Gurgaon,Started,Started,Mobile App
CHK-01637,CUS-01858,VEH-00845,2026-09-14,Kia,Seltos,Delhi,Payment,Abandoned,Mobile App
CHK-01638,CUS-01679,VEH-00192,2026-09-15,Maruti Suzuki,Baleno,Ahmedabad,Payment,Abandoned,Walk-in
CHK-01639,CUS-00599,VEH-00265,2026-09-15,Mahindra,XUV700,Chennai,Completed,Completed,Walk-in
CHK-01640,CUS-00558,VEH-00546,2026-09-15,Maruti Suzuki,Baleno,Pune,Completed,Completed,Call Center
CHK-01641,CUS-00734,VEH-00598,2026-09-15,Maruti Suzuki,Brezza,Gurgaon,Payment,Payment,Mobile App
CHK-01642,CUS-01634,VEH-00092,2026-09-16,Hyundai,Creta,Delhi,Started,Abandoned,Website
CHK-01643,CUS-01929,VEH-00165,2026-09-16,Tata,Nexon,Delhi,Started,Abandoned,Walk-in
CHK-01644,CUS-00726,VEH-00406,2026-09-16,Hyundai,i20,Bengaluru,Payment,Payment,Walk-in
CHK-01645,CUS-00529,VEH-00463,2026-09-16,Maruti Suzuki,Swift,Hyderabad,Completed,Completed,Mobile App
CHK-01646,CUS-01912,VEH-00601,2026-09-16,Tata,Tiago,Chennai,Payment,Payment,Website
CHK-01647,CUS-00624,VEH-00014,2026-09-17,Hyundai,Creta,Hyderabad,Completed,Completed,Walk-in
CHK-01648,CUS-00535,VEH-00126,2026-09-17,Hyundai,Venue,Chennai,Completed,Completed,Walk-in
CHK-01649,CUS-00707,VEH-00156,2026-09-17,BMW,3 Series,Bengaluru,Payment,Payment,Website
CHK-01650,CUS-01539,VEH-00394,2026-09-17,Maruti Suzuki,Baleno,Bengaluru,Started,Started,Website
CHK-01651,CUS-00592,VEH-00443,2026-09-17,Kia,Seltos,Chennai,Completed,Completed,Walk-in
CHK-01652,CUS-01905,VEH-00826,2026-09-17,Tata,Nexon,Pune,Payment,Abandoned,Call Center
CHK-01653,CUS-00570,VEH-00146,2026-09-18,Tata,Nexon,Chennai,Completed,Completed,Call Center
CHK-01654,CUS-00750,VEH-00750,2026-09-18,Maruti Suzuki,Swift,Pune,Started,Started,Website
CHK-01655,CUS-00625,VEH-00757,2026-09-18,Maruti Suzuki,Swift,Gurgaon,Completed,Completed,Walk-in
CHK-01656,CUS-00562,VEH-00260,2026-09-19,Mahindra,Thar,Ahmedabad,Completed,Completed,Walk-in
CHK-01657,CUS-00537,VEH-00279,2026-09-19,Maruti Suzuki,Baleno,Delhi,Completed,Completed,Mobile App
CHK-01658,CUS-00538,VEH-00457,2026-09-20,Maruti Suzuki,Baleno,Gurgaon,Completed,Completed,Website
CHK-01659,CUS-00622,VEH-00625,2026-09-20,Maruti Suzuki,Baleno,Delhi,Completed,Completed,Walk-in
CHK-01660,CUS-00546,VEH-00092,2026-09-21,Hyundai,Creta,Delhi,Completed,Completed,Walk-in
CHK-01661,CUS-01566,VEH-00735,2026-09-21,Maruti Suzuki,Brezza,Bengaluru,Started,Started,Mobile App
CHK-01662,CUS-00662,VEH-00826,2026-09-21,Tata,Nexon,Pune,Completed,Completed,Walk-in
CHK-01663,CUS-01681,VEH-00299,2026-09-22,Hyundai,Creta,Chennai,Payment,Payment,Mobile App
CHK-01664,CUS-01644,VEH-00872,2026-09-22,Hyundai,Creta,Mumbai,Payment,Payment,Mobile App
CHK-01665,CUS-00610,VEH-00910,2026-09-22,Hyundai,Venue,Hyderabad,Completed,Completed,Website
CHK-01666,CUS-01749,VEH-00165,2026-09-23,Tata,Nexon,Delhi,Payment,Payment,Mobile App
CHK-01667,CUS-00552,VEH-00255,2026-09-23,Maruti Suzuki,Baleno,Pune,Completed,Completed,Mobile App
CHK-01668,CUS-01797,VEH-00260,2026-09-23,Mahindra,Thar,Ahmedabad,Payment,Abandoned,Call Center
CHK-01669,CUS-01677,VEH-00269,2026-09-23,Hyundai,i20,Bengaluru,Payment,Abandoned,Walk-in
CHK-01670,CUS-01601,VEH-00290,2026-09-23,Hyundai,Creta,Hyderabad,Started,Started,Walk-in
CHK-01671,CUS-01655,VEH-00431,2026-09-23,Mahindra,XUV700,Hyderabad,Started,Abandoned,Mobile App
CHK-01672,CUS-01581,VEH-00671,2026-09-23,Hyundai,Creta,Ahmedabad,Started,Abandoned,Website
CHK-01673,CUS-00576,VEH-00872,2026-09-23,Hyundai,Creta,Mumbai,Completed,Completed,Walk-in
CHK-01674,CUS-00575,VEH-00877,2026-09-23,Tata,Nexon,Gurgaon,Completed,Completed,Mobile App
CHK-01675,CUS-01578,VEH-00909,2026-09-23,Mahindra,XUV700,Gurgaon,Payment,Payment,Mobile App
CHK-01676,CUS-01576,VEH-00593,2026-09-24,Hyundai,Creta,Bengaluru,Started,Abandoned,Website
CHK-01677,CUS-01706,VEH-00593,2026-09-24,Hyundai,Creta,Bengaluru,Payment,Abandoned,Website
CHK-01678,CUS-01951,VEH-00727,2026-09-24,Maruti Suzuki,Brezza,Ahmedabad,Payment,Abandoned,Mobile App
CHK-01679,CUS-00569,VEH-00237,2026-09-25,Toyota,Innova Hycross,Bengaluru,Completed,Completed,Mobile App
CHK-01680,CUS-00543,VEH-00299,2026-09-25,Hyundai,Creta,Chennai,Completed,Completed,Walk-in
CHK-01681,CUS-00722,VEH-00367,2026-09-25,Hyundai,i20,Chennai,Payment,Payment,Mobile App
CHK-01682,CUS-01470,VEH-00982,2026-09-25,Maruti Suzuki,Baleno,Pune,Started,Abandoned,Mobile App
CHK-01683,CUS-01646,VEH-00024,2026-09-26,Hyundai,Venue,Hyderabad,Started,Abandoned,Website
CHK-01684,CUS-01958,VEH-00224,2026-09-26,Tata,Nexon,Hyderabad,Started,Abandoned,Mobile App
CHK-01685,CUS-01577,VEH-00277,2026-09-26,Hyundai,Venue,Gurgaon,Payment,Abandoned,Website
CHK-01686,CUS-00607,VEH-00692,2026-09-26,Hyundai,Creta,Chennai,Completed,Completed,Walk-in
CHK-01687,CUS-00545,VEH-00800,2026-09-26,Maruti Suzuki,Swift,Hyderabad,Completed,Completed,Walk-in
CHK-01688,CUS-00544,VEH-00445,2026-09-27,Honda,City,Pune,Completed,Completed,Walk-in
CHK-01689,CUS-01925,VEH-00445,2026-09-27,Honda,City,Pune,Started,Started,Mobile App
CHK-01690,CUS-01910,VEH-00508,2026-09-27,Honda,City,Chennai,Payment,Payment,Website
CHK-01691,CUS-00601,VEH-00514,2026-09-27,Hyundai,i20,Ahmedabad,Completed,Completed,Call Center
CHK-01692,CUS-00557,VEH-00686,2026-09-27,Maruti Suzuki,Swift,Delhi,Completed,Completed,Walk-in
CHK-01693,CUS-01639,VEH-00056,2026-09-28,Tata,Punch,Pune,Payment,Abandoned,Website
CHK-01694,CUS-00705,VEH-00131,2026-09-28,Volkswagen,Virtus,Hyderabad,Payment,Payment,Website
CHK-01695,CUS-01471,VEH-00146,2026-09-28,Tata,Nexon,Chennai,Started,Started,Website
CHK-01696,CUS-01844,VEH-00735,2026-09-28,Maruti Suzuki,Brezza,Bengaluru,Payment,Payment,Website
CHK-01697,CUS-01595,VEH-00845,2026-09-28,Kia,Seltos,Delhi,Started,Abandoned,Website
CHK-01698,CUS-01678,VEH-00010,2026-09-29,Maruti Suzuki,Swift,Bengaluru,Started,Started,Walk-in
CHK-01699,CUS-01636,VEH-00092,2026-09-29,Hyundai,Creta,Delhi,Started,Abandoned,Website
CHK-01700,CUS-01984,VEH-00545,2026-09-29,Tata,Punch,Hyderabad,Started,Abandoned,Mobile App
CHK-01701,CUS-00747,VEH-00688,2026-09-29,Maruti Suzuki,Swift,Hyderabad,Started,Started,Call Center
CHK-01702,CUS-00689,VEH-00854,2026-09-29,Maruti Suzuki,Swift,Ahmedabad,Completed,Completed,Website
CHK-01703,CUS-01569,VEH-00872,2026-09-29,Hyundai,Creta,Mumbai,Started,Started,Walk-in
CHK-01704,CUS-01779,VEH-00915,2026-09-29,Maruti Suzuki,Baleno,Mumbai,Payment,Payment,Website
CHK-01705,CUS-01867,VEH-00260,2026-09-30,Mahindra,Thar,Ahmedabad,Payment,Abandoned,Website
CHK-01706,CUS-01563,VEH-00299,2026-09-30,Hyundai,Creta,Chennai,Started,Started,Mobile App
CHK-01707,CUS-00554,VEH-00517,2026-09-30,MG,Hector,Delhi,Completed,Completed,Walk-in
CHK-01708,CUS-00660,VEH-00084,2026-10-01,Hyundai,Creta,Chennai,Completed,Completed,Call Center
CHK-01709,CUS-01675,VEH-00290,2026-10-01,Hyundai,Creta,Hyderabad,Payment,Abandoned,Mobile App
CHK-01710,CUS-01920,VEH-00290,2026-10-01,Hyundai,Creta,Hyderabad,Started,Started,Mobile App
CHK-01711,CUS-01591,VEH-00794,2026-10-01,Hyundai,Creta,Hyderabad,Started,Abandoned,Call Center
CHK-01712,CUS-01857,VEH-00829,2026-10-01,Hyundai,i20,Delhi,Started,Started,Mobile App
CHK-01713,CUS-00565,VEH-00887,2026-10-01,Maruti Suzuki,Baleno,Chennai,Completed,Completed,Website
CHK-01714,CUS-01514,VEH-00146,2026-10-02,Tata,Nexon,Chennai,Started,Abandoned,Walk-in
CHK-01715,CUS-01864,VEH-00024,2026-10-03,Hyundai,Venue,Hyderabad,Payment,Abandoned,Website
CHK-01716,CUS-00566,VEH-00682,2026-10-03,Maruti Suzuki,Brezza,Hyderabad,Completed,Completed,Walk-in
CHK-01717,CUS-01489,VEH-00014,2026-10-04,Hyundai,Creta,Hyderabad,Started,Abandoned,Call Center
CHK-01718,CUS-00628,VEH-00071,2026-10-04,Honda,City,Delhi,Completed,Completed,Mobile App
CHK-01719,CUS-00596,VEH-00398,2026-10-04,MG,Hector,Bengaluru,Completed,Completed,Website
CHK-01720,CUS-00578,VEH-00500,2026-10-04,Tata,Nexon,Mumbai,Completed,Completed,Call Center
CHK-01721,CUS-01937,VEH-00525,2026-10-04,Hyundai,Venue,Chennai,Started,Started,Walk-in
CHK-01722,CUS-00574,VEH-00839,2026-10-04,Mahindra,XUV700,Delhi,Completed,Completed,Walk-in
CHK-01723,CUS-00756,VEH-00895,2026-10-04,Honda,City,Ahmedabad,Started,Started,Website
CHK-01724,CUS-01545,VEH-00027,2026-10-05,Maruti Suzuki,Baleno,Delhi,Started,Started,Mobile App
CHK-01725,CUS-01467,VEH-00074,2026-10-05,Hyundai,Creta,Delhi,Started,Abandoned,Website
CHK-01726,CUS-00746,VEH-00680,2026-10-05,Maruti Suzuki,Ertiga,Mumbai,Started,Started,Mobile App
CHK-01727,CUS-01815,VEH-00812,2026-10-05,Maruti Suzuki,Brezza,Bengaluru,Payment,Payment,Website
CHK-01728,CUS-01592,VEH-00872,2026-10-05,Hyundai,Creta,Mumbai,Payment,Abandoned,Mobile App
CHK-01729,CUS-01719,VEH-00014,2026-10-06,Hyundai,Creta,Hyderabad,Payment,Abandoned,Website
CHK-01730,CUS-00718,VEH-00344,2026-10-06,Mahindra,XUV700,Pune,Payment,Payment,Call Center
CHK-01731,CUS-00661,VEH-00658,2026-10-06,Maruti Suzuki,Brezza,Chennai,Completed,Completed,Mobile App
CHK-01732,CUS-01478,VEH-00692,2026-10-06,Hyundai,Creta,Chennai,Payment,Payment,Website
CHK-01733,CUS-01995,VEH-00374,2026-10-07,Maruti Suzuki,Brezza,Hyderabad,Payment,Payment,Call Center
CHK-01734,CUS-01738,VEH-00514,2026-10-07,Hyundai,i20,Ahmedabad,Started,Started,Website
CHK-01735,CUS-01479,VEH-00559,2026-10-07,Mahindra,XUV700,Ahmedabad,Started,Abandoned,Call Center
CHK-01736,CUS-00682,VEH-00730,2026-10-07,Honda,City,Pune,Completed,Completed,Mobile App
CHK-01737,CUS-00581,VEH-00671,2026-10-08,Hyundai,Creta,Ahmedabad,Completed,Completed,Walk-in
CHK-01738,CUS-01602,VEH-00874,2026-10-08,Mahindra,Thar,Pune,Started,Started,Website
CHK-01739,CUS-01914,VEH-00872,2026-10-09,Hyundai,Creta,Mumbai,Payment,Payment,Call Center
CHK-01740,CUS-00591,VEH-00952,2026-10-09,Tata,Nexon,Mumbai,Completed,Completed,Walk-in
CHK-01741,CUS-00643,VEH-00083,2026-10-10,Volkswagen,Virtus,Mumbai,Completed,Completed,Walk-in
CHK-01742,CUS-01730,VEH-00194,2026-10-10,Tata,Nexon,Gurgaon,Payment,Payment,Website
CHK-01743,CUS-00597,VEH-00228,2026-10-10,Hyundai,i20,Hyderabad,Completed,Completed,Mobile App
CHK-01744,CUS-00706,VEH-00149,2026-10-11,Maruti Suzuki,Swift,Pune,Payment,Payment,Website
CHK-01745,CUS-00653,VEH-00185,2026-10-11,Mahindra,Thar,Bengaluru,Completed,Completed,Website
CHK-01746,CUS-01977,VEH-00757,2026-10-11,Maruti Suzuki,Swift,Gurgaon,Started,Abandoned,Mobile App
CHK-01747,CUS-01785,VEH-00915,2026-10-11,Maruti Suzuki,Baleno,Mumbai,Started,Started,Website
CHK-01748,CUS-00571,VEH-00290,2026-10-12,Hyundai,Creta,Hyderabad,Completed,Completed,Walk-in
CHK-01749,CUS-00721,VEH-00362,2026-10-12,Maruti Suzuki,Ertiga,Gurgaon,Payment,Payment,Call Center
CHK-01750,CUS-00593,VEH-00792,2026-10-13,Maruti Suzuki,Baleno,Delhi,Completed,Completed,Walk-in
CHK-01751,CUS-00609,VEH-00534,2026-10-14,Volkswagen,Virtus,Gurgaon,Completed,Completed,Mobile App
CHK-01752,CUS-01999,VEH-00671,2026-10-14,Hyundai,Creta,Ahmedabad,Payment,Payment,Website
CHK-01753,CUS-00659,VEH-00793,2026-10-14,Tata,Nexon,Mumbai,Completed,Completed,Walk-in
CHK-01754,CUS-01813,VEH-00671,2026-10-15,Hyundai,Creta,Ahmedabad,Payment,Payment,Website
CHK-01755,CUS-01462,VEH-00793,2026-10-15,Tata,Nexon,Mumbai,Payment,Payment,Mobile App
CHK-01756,CUS-00642,VEH-00050,2026-10-16,Hyundai,Creta,Chennai,Completed,Completed,Mobile App
CHK-01757,CUS-00580,VEH-00133,2026-10-16,Mahindra,Scorpio-N,Delhi,Completed,Completed,Mobile App
CHK-01758,CUS-01660,VEH-00443,2026-10-16,Kia,Seltos,Chennai,Started,Abandoned,Mobile App
CHK-01759,CUS-01953,VEH-00514,2026-10-16,Hyundai,i20,Ahmedabad,Payment,Abandoned,Mobile App
CHK-01760,CUS-01694,VEH-00671,2026-10-16,Hyundai,Creta,Ahmedabad,Started,Abandoned,Call Center
CHK-01761,CUS-00647,VEH-00949,2026-10-16,Maruti Suzuki,Ertiga,Ahmedabad,Completed,Completed,Website
CHK-01762,CUS-01664,VEH-00224,2026-10-17,Tata,Nexon,Hyderabad,Started,Started,Walk-in
CHK-01763,CUS-01739,VEH-00514,2026-10-17,Hyundai,i20,Ahmedabad,Payment,Abandoned,Website
CHK-01764,CUS-01507,VEH-00644,2026-10-17,Maruti Suzuki,Baleno,Gurgaon,Started,Started,Mobile App
CHK-01765,CUS-01717,VEH-00793,2026-10-17,Tata,Nexon,Mumbai,Started,Abandoned,Call Center
CHK-01766,CUS-00699,VEH-00812,2026-10-18,Maruti Suzuki,Brezza,Bengaluru,Completed,Completed,Walk-in
CHK-01767,CUS-01732,VEH-00959,2026-10-18,Tata,Punch,Delhi,Started,Started,Website
CHK-01768,CUS-01806,VEH-00436,2026-10-19,Hyundai,Venue,Delhi,Payment,Payment,Website
CHK-01769,CUS-00678,VEH-00878,2026-10-19,Maruti Suzuki,Swift,Pune,Completed,Completed,Walk-in
CHK-01770,CUS-00583,VEH-00559,2026-10-20,Mahindra,XUV700,Ahmedabad,Completed,Completed,Mobile App
CHK-01771,CUS-00754,VEH-00802,2026-10-20,Honda,City,Hyderabad,Started,Started,Mobile App
CHK-01772,CUS-00692,VEH-00823,2026-10-20,Mahindra,Thar,Pune,Completed,Completed,Walk-in
CHK-01773,CUS-01943,VEH-00120,2026-10-21,BMW,3 Series,Bengaluru,Started,Started,Mobile App
CHK-01774,CUS-00604,VEH-00175,2026-10-21,Hyundai,Venue,Mumbai,Completed,Completed,Website
CHK-01775,CUS-01784,VEH-00212,2026-10-21,Mahindra,Thar,Mumbai,Payment,Payment,Website
CHK-01776,CUS-01607,VEH-00269,2026-10-21,Hyundai,i20,Bengaluru,Started,Started,Website
CHK-01777,CUS-00598,VEH-00366,2026-10-21,Kia,Seltos,Pune,Completed,Completed,Website
CHK-01778,CUS-00594,VEH-00392,2026-10-21,Hyundai,Creta,Bengaluru,Completed,Completed,Walk-in
CHK-01779,CUS-01874,VEH-00534,2026-10-21,Volkswagen,Virtus,Gurgaon,Payment,Abandoned,Website
CHK-01780,CUS-00588,VEH-00771,2026-10-21,Tata,Nexon,Pune,Completed,Completed,Walk-in
CHK-01781,CUS-00589,VEH-00794,2026-10-21,Hyundai,Creta,Hyderabad,Completed,Completed,Website
CHK-01782,CUS-01690,VEH-00823,2026-10-21,Mahindra,Thar,Pune,Payment,Payment,Walk-in
CHK-01783,CUS-00632,VEH-00908,2026-10-21,Toyota,Innova Hycross,Mumbai,Completed,Completed,Website
CHK-01784,CUS-01528,VEH-00212,2026-10-22,Mahindra,Thar,Mumbai,Started,Abandoned,Website
CHK-01785,CUS-01684,VEH-00286,2026-10-22,Tata,Tiago,Ahmedabad,Started,Abandoned,Walk-in
CHK-01786,CUS-00644,VEH-00327,2026-10-23,Maruti Suzuki,Baleno,Gurgaon,Completed,Completed,Mobile App
CHK-01787,CUS-00590,VEH-00915,2026-10-23,Maruti Suzuki,Baleno,Mumbai,Completed,Completed,Walk-in
CHK-01788,CUS-01623,VEH-00313,2026-10-24,Tata,Tiago,Hyderabad,Payment,Payment,Website
CHK-01789,CUS-00618,VEH-00375,2026-10-24,Kia,Seltos,Pune,Completed,Completed,Mobile App
CHK-01790,CUS-01757,VEH-00793,2026-10-24,Tata,Nexon,Mumbai,Started,Started,Mobile App
CHK-01791,CUS-01767,VEH-00823,2026-10-24,Mahindra,Thar,Pune,Started,Abandoned,Mobile App
CHK-01792,CUS-01624,VEH-00885,2026-10-24,Maruti Suzuki,Swift,Hyderabad,Started,Started,Call Center
CHK-01793,CUS-00602,VEH-00074,2026-10-25,Hyundai,Creta,Delhi,Completed,Completed,Mobile App
CHK-01794,CUS-00608,VEH-00224,2026-10-25,Tata,Nexon,Hyderabad,Completed,Completed,Website
CHK-01795,CUS-01896,VEH-00857,2026-10-25,Volkswagen,Virtus,Gurgaon,Started,Started,Mobile App
CHK-01796,CUS-00621,VEH-00034,2026-10-26,MG,Hector,Mumbai,Completed,Completed,Mobile App
CHK-01797,CUS-01800,VEH-00034,2026-10-26,MG,Hector,Mumbai,Started,Started,Website
CHK-01798,CUS-01511,VEH-00194,2026-10-26,Tata,Nexon,Gurgaon,Payment,Payment,Mobile App
CHK-01799,CUS-01854,VEH-00746,2026-10-26,Hyundai,Creta,Ahmedabad,Started,Abandoned,Walk-in
CHK-01800,CUS-01879,VEH-00185,2026-10-27,Mahindra,Thar,Bengaluru,Payment,Abandoned,Website
CHK-01801,CUS-00613,VEH-00269,2026-10-27,Hyundai,i20,Bengaluru,Completed,Completed,Mobile App
CHK-01802,CUS-00600,VEH-00297,2026-10-27,Mahindra,Scorpio-N,Hyderabad,Completed,Completed,Website
CHK-01803,CUS-01687,VEH-00303,2026-10-27,Mahindra,Thar,Ahmedabad,Payment,Abandoned,Walk-in
CHK-01804,CUS-00728,VEH-00417,2026-10-27,Honda,City,Hyderabad,Payment,Payment,Call Center
CHK-01805,CUS-00603,VEH-00735,2026-10-27,Maruti Suzuki,Brezza,Bengaluru,Completed,Completed,Mobile App
CHK-01806,CUS-01691,VEH-00762,2026-10-27,Tata,Tiago,Chennai,Started,Started,Call Center
CHK-01807,CUS-00605,VEH-00929,2026-10-27,Tata,Nexon,Mumbai,Completed,Completed,Walk-in
CHK-01808,CUS-00701,VEH-00044,2026-10-28,Maruti Suzuki,Swift,Chennai,Payment,Payment,Mobile App
CHK-01809,CUS-01835,VEH-00793,2026-10-28,Tata,Nexon,Mumbai,Payment,Payment,Website
CHK-01810,CUS-01840,VEH-00929,2026-10-28,Tata,Nexon,Mumbai,Started,Started,Walk-in
CHK-01811,CUS-00614,VEH-00004,2026-10-29,Tata,Nexon,Pune,Completed,Completed,Walk-in
CHK-01812,CUS-01802,VEH-00854,2026-10-29,Maruti Suzuki,Swift,Ahmedabad,Payment,Payment,Mobile App
CHK-01813,CUS-01883,VEH-00127,2026-10-30,Maruti Suzuki,Ertiga,Chennai,Payment,Payment,Mobile App
CHK-01814,CUS-01817,VEH-00084,2026-10-31,Hyundai,Creta,Chennai,Payment,Abandoned,Mobile App
CHK-01815,CUS-01537,VEH-00194,2026-10-31,Tata,Nexon,Gurgaon,Payment,Payment,Walk-in
CHK-01816,CUS-00668,VEH-00222,2026-10-31,Hyundai,Venue,Chennai,Completed,Completed,Walk-in
CHK-01817,CUS-01668,VEH-00929,2026-10-31,Tata,Nexon,Mumbai,Started,Started,Walk-in
CHK-01818,CUS-01666,VEH-00004,2026-11-01,Tata,Nexon,Pune,Started,Started,Mobile App
CHK-01819,CUS-01723,VEH-00008,2026-11-01,Hyundai,Venue,Bengaluru,Payment,Abandoned,Website
CHK-01820,CUS-01968,VEH-00303,2026-11-01,Mahindra,Thar,Ahmedabad,Started,Abandoned,Website
CHK-01821,CUS-01926,VEH-00929,2026-11-01,Tata,Nexon,Mumbai,Payment,Payment,Mobile App
CHK-01822,CUS-00629,VEH-00353,2026-11-02,Volkswagen,Virtus,Bengaluru,Completed,Completed,Walk-in
CHK-01823,CUS-01570,VEH-00847,2026-11-02,Honda,City,Mumbai,Payment,Payment,Website
CHK-01824,CUS-01906,VEH-00929,2026-11-02,Tata,Nexon,Mumbai,Payment,Payment,Website
CHK-01825,CUS-00758,VEH-00931,2026-11-02,Maruti Suzuki,Baleno,Delhi,Started,Started,Mobile App
CHK-01826,CUS-00611,VEH-00948,2026-11-02,Hyundai,Venue,Pune,Completed,Completed,Walk-in
CHK-01827,CUS-00606,VEH-00611,2026-11-03,Hyundai,Creta,Mumbai,Completed,Completed,Walk-in
CHK-01828,CUS-01969,VEH-00625,2026-11-03,Maruti Suzuki,Baleno,Delhi,Started,Abandoned,Mobile App
CHK-01829,CUS-00741,VEH-00637,2026-11-03,Maruti Suzuki,Ertiga,Gurgaon,Started,Started,Walk-in
CHK-01830,CUS-01750,VEH-00948,2026-11-03,Hyundai,Venue,Pune,Payment,Abandoned,Call Center
CHK-01831,CUS-01898,VEH-00004,2026-11-04,Tata,Nexon,Pune,Started,Started,Mobile App
CHK-01832,CUS-01807,VEH-00028,2026-11-04,Skoda,Kushaq,Chennai,Started,Started,Website
CHK-01833,CUS-01753,VEH-00222,2026-11-04,Hyundai,Venue,Chennai,Payment,Payment,Call Center
CHK-01834,CUS-01843,VEH-00909,2026-11-04,Mahindra,XUV700,Gurgaon,Payment,Payment,Mobile App
CHK-01835,CUS-00615,VEH-00194,2026-11-05,Tata,Nexon,Gurgaon,Completed,Completed,Mobile App
CHK-01836,CUS-01555,VEH-00321,2026-11-05,Maruti Suzuki,Ertiga,Bengaluru,Payment,Payment,Call Center
CHK-01837,CUS-00627,VEH-00374,2026-11-05,Maruti Suzuki,Brezza,Hyderabad,Completed,Completed,Walk-in
CHK-01838,CUS-00616,VEH-00456,2026-11-05,Maruti Suzuki,Swift,Gurgaon,Completed,Completed,Walk-in
CHK-01839,CUS-01597,VEH-00456,2026-11-05,Maruti Suzuki,Swift,Gurgaon,Payment,Abandoned,Walk-in
CHK-01840,CUS-00753,VEH-00801,2026-11-05,Maruti Suzuki,Baleno,Pune,Started,Started,Walk-in
CHK-01841,CUS-00631,VEH-00847,2026-11-05,Honda,City,Mumbai,Completed,Completed,Walk-in
CHK-01842,CUS-01618,VEH-00874,2026-11-05,Mahindra,Thar,Pune,Started,Abandoned,Mobile App
CHK-01843,CUS-00617,VEH-00935,2026-11-05,Kia,Seltos,Hyderabad,Completed,Completed,Mobile App
CHK-01844,CUS-00623,VEH-00963,2026-11-05,Maruti Suzuki,Brezza,Pune,Completed,Completed,Website
CHK-01845,CUS-01824,VEH-00410,2026-11-06,Hyundai,Creta,Bengaluru,Started,Abandoned,Website
CHK-01846,CUS-00620,VEH-00525,2026-11-06,Hyundai,Venue,Chennai,Completed,Completed,Walk-in
CHK-01847,CUS-00744,VEH-00668,2026-11-06,Maruti Suzuki,Baleno,Gurgaon,Started,Started,Mobile App
CHK-01848,CUS-00636,VEH-00904,2026-11-06,Maruti Suzuki,Ertiga,Mumbai,Completed,Completed,Walk-in
CHK-01849,CUS-01822,VEH-00946,2026-11-06,Maruti Suzuki,Swift,Chennai,Payment,Abandoned,Walk-in
CHK-01850,CUS-00619,VEH-00324,2026-11-07,Maruti Suzuki,Swift,Mumbai,Completed,Completed,Call Center
CHK-01851,CUS-01606,VEH-00325,2026-11-07,Hyundai,i20,Chennai,Started,Started,Website
CHK-01852,CUS-00693,VEH-00410,2026-11-07,Hyundai,Creta,Bengaluru,Completed,Completed,Walk-in
CHK-01853,CUS-00730,VEH-00464,2026-11-07,Maruti Suzuki,Ertiga,Pune,Payment,Payment,Website
CHK-01854,CUS-01737,VEH-00415,2026-11-08,Tata,Punch,Delhi,Payment,Payment,Mobile App
CHK-01855,CUS-00630,VEH-00841,2026-11-08,Mahindra,XUV700,Mumbai,Completed,Completed,Website
CHK-01856,CUS-01734,VEH-00885,2026-11-08,Maruti Suzuki,Swift,Hyderabad,Payment,Abandoned,Website
CHK-01857,CUS-01994,VEH-00946,2026-11-08,Maruti Suzuki,Swift,Chennai,Payment,Payment,Website
CHK-01858,CUS-00626,VEH-00345,2026-11-09,Hyundai,Creta,Pune,Completed,Completed,Mobile App
CHK-01859,CUS-01652,VEH-00847,2026-11-09,Honda,City,Mumbai,Started,Abandoned,Website
CHK-01860,CUS-00651,VEH-00922,2026-11-09,Hyundai,Venue,Bengaluru,Completed,Completed,Walk-in
CHK-01861,CUS-00650,VEH-00333,2026-11-10,Hyundai,Creta,Pune,Completed,Completed,Website
CHK-01862,CUS-01712,VEH-00841,2026-11-10,Mahindra,XUV700,Mumbai,Payment,Payment,Call Center
CHK-01863,CUS-00633,VEH-00927,2026-11-10,Hyundai,Creta,Chennai,Completed,Completed,Walk-in
CHK-01864,CUS-00759,VEH-00940,2026-11-10,Toyota,Innova Hycross,Delhi,Started,Started,Walk-in
CHK-01865,CUS-01998,VEH-00010,2026-11-11,Maruti Suzuki,Swift,Bengaluru,Payment,Abandoned,Mobile App
CHK-01866,CUS-00640,VEH-00129,2026-11-11,Hyundai,i20,Bengaluru,Completed,Completed,Call Center
CHK-01867,CUS-01693,VEH-00140,2026-11-11,Tata,Tiago,Delhi,Started,Abandoned,Website
CHK-01868,CUS-01873,VEH-00333,2026-11-11,Hyundai,Creta,Pune,Payment,Payment,Call Center
CHK-01869,CUS-01550,VEH-00908,2026-11-11,Toyota,Innova Hycross,Mumbai,Payment,Abandoned,Mobile App
CHK-01870,CUS-00634,VEH-00911,2026-11-11,Tata,Nexon,Gurgaon,Completed,Completed,Walk-in
CHK-01871,CUS-01612,VEH-00927,2026-11-11,Hyundai,Creta,Chennai,Started,Abandoned,Website
CHK-01872,CUS-01949,VEH-00927,2026-11-11,Hyundai,Creta,Chennai,Started,Abandoned,Call Center
CHK-01873,CUS-00639,VEH-00953,2026-11-11,Mahindra,Scorpio-N,Bengaluru,Completed,Completed,Walk-in
CHK-01874,CUS-01461,VEH-00212,2026-11-12,Mahindra,Thar,Mumbai,Started,Started,Walk-in
CHK-01875,CUS-01944,VEH-00471,2026-11-12,Tata,Tiago,Chennai,Started,Abandoned,Website
CHK-01876,CUS-01642,VEH-00504,2026-11-12,Hyundai,Venue,Delhi,Started,Abandoned,Walk-in
CHK-01877,CUS-00641,VEH-00837,2026-11-12,Maruti Suzuki,Baleno,Gurgaon,Completed,Completed,Website
CHK-01878,CUS-01768,VEH-00094,2026-11-13,Tata,Nexon,Gurgaon,Payment,Abandoned,Call Center
CHK-01879,CUS-01608,VEH-00345,2026-11-13,Hyundai,Creta,Pune,Payment,Payment,Mobile App
CHK-01880,CUS-00649,VEH-00496,2026-11-13,Maruti Suzuki,Swift,Hyderabad,Completed,Completed,Call Center
CHK-01881,CUS-00645,VEH-00504,2026-11-13,Hyundai,Venue,Delhi,Completed,Completed,Mobile App
CHK-01882,CUS-00713,VEH-00258,2026-11-14,Maruti Suzuki,Ertiga,Hyderabad,Payment,Payment,Website
CHK-01883,CUS-01702,VEH-00377,2026-11-14,Tata,Nexon,Hyderabad,Payment,Payment,Mobile App
CHK-01884,CUS-00725,VEH-00396,2026-11-14,Maruti Suzuki,Swift,Pune,Payment,Payment,Mobile App
CHK-01885,CUS-01780,VEH-00495,2026-11-14,Tata,Tiago,Pune,Started,Started,Website
CHK-01886,CUS-00677,VEH-00766,2026-11-14,Hyundai,Creta,Bengaluru,Completed,Completed,Mobile App
CHK-01887,CUS-00760,VEH-00979,2026-11-14,Toyota,Innova Hycross,Mumbai,Started,Started,Mobile App
CHK-01888,CUS-00663,VEH-00073,2026-11-15,Honda,City,Mumbai,Completed,Completed,Walk-in
CHK-01889,CUS-00709,VEH-00188,2026-11-15,Skoda,Kushaq,Mumbai,Payment,Payment,Walk-in
CHK-01890,CUS-01901,VEH-00904,2026-11-15,Maruti Suzuki,Ertiga,Mumbai,Started,Started,Website
CHK-01891,CUS-00637,VEH-00141,2026-11-16,Maruti Suzuki,Ertiga,Chennai,Completed,Completed,Website
CHK-01892,CUS-00635,VEH-00212,2026-11-16,Mahindra,Thar,Mumbai,Completed,Completed,Call Center
CHK-01893,CUS-01682,VEH-00550,2026-11-16,Honda,City,Pune,Payment,Abandoned,Call Center
CHK-01894,CUS-01480,VEH-00008,2026-11-17,Hyundai,Venue,Bengaluru,Started,Abandoned,Walk-in
CHK-01895,CUS-01645,VEH-00408,2026-11-17,Maruti Suzuki,Baleno,Mumbai,Payment,Payment,Website
CHK-01896,CUS-01603,VEH-00975,2026-11-17,Tata,Punch,Gurgaon,Started,Started,Website
CHK-01897,CUS-00656,VEH-00042,2026-11-18,Mahindra,Thar,Mumbai,Completed,Completed,Walk-in
CHK-01898,CUS-01967,VEH-00431,2026-11-18,Mahindra,XUV700,Hyderabad,Payment,Abandoned,Mobile App
CHK-01899,CUS-01808,VEH-00823,2026-11-18,Mahindra,Thar,Pune,Payment,Payment,Mobile App
CHK-01900,CUS-01486,VEH-00084,2026-11-19,Hyundai,Creta,Chennai,Started,Abandoned,Call Center
CHK-01901,CUS-00664,VEH-00287,2026-11-19,Maruti Suzuki,Baleno,Pune,Completed,Completed,Website
CHK-01902,CUS-00740,VEH-00636,2026-11-19,Tata,Nexon,Gurgaon,Started,Started,Mobile App
CHK-01903,CUS-00648,VEH-00761,2026-11-19,Tata,Nexon,Mumbai,Completed,Completed,Mobile App
CHK-01904,CUS-00652,VEH-00094,2026-11-20,Tata,Nexon,Gurgaon,Completed,Completed,Mobile App
CHK-01905,CUS-00667,VEH-00104,2026-11-20,Kia,Seltos,Delhi,Completed,Completed,Mobile App
CHK-01906,CUS-00646,VEH-00307,2026-11-20,Kia,Seltos,Ahmedabad,Completed,Completed,Mobile App
CHK-01907,CUS-00697,VEH-00359,2026-11-20,Mahindra,Thar,Gurgaon,Completed,Completed,Walk-in
CHK-01908,CUS-00681,VEH-00377,2026-11-20,Tata,Nexon,Hyderabad,Completed,Completed,Call Center
CHK-01909,CUS-01863,VEH-00793,2026-11-20,Tata,Nexon,Mumbai,Payment,Abandoned,Walk-in
CHK-01910,CUS-00683,VEH-00885,2026-11-20,Maruti Suzuki,Swift,Hyderabad,Completed,Completed,Mobile App
CHK-01911,CUS-01939,VEH-00897,2026-11-22,Tata,Tiago,Delhi,Started,Abandoned,Mobile App
CHK-01912,CUS-01641,VEH-00965,2026-11-22,Tata,Tiago,Bengaluru,Payment,Payment,Website
CHK-01913,CUS-00657,VEH-00063,2026-11-23,Skoda,Kushaq,Ahmedabad,Completed,Completed,Walk-in
CHK-01914,CUS-00674,VEH-00408,2026-11-23,Maruti Suzuki,Baleno,Mumbai,Completed,Completed,Mobile App
CHK-01915,CUS-00665,VEH-00597,2026-11-23,Maruti Suzuki,Brezza,Chennai,Completed,Completed,Walk-in
CHK-01916,CUS-01986,VEH-00719,2026-11-23,Tata,Punch,Mumbai,Payment,Abandoned,Walk-in
CHK-01917,CUS-00654,VEH-00816,2026-11-23,Mahindra,Scorpio-N,Hyderabad,Completed,Completed,Mobile App
CHK-01918,CUS-00655,VEH-00849,2026-11-23,Hyundai,Creta,Delhi,Completed,Completed,Walk-in
CHK-01919,CUS-01568,VEH-00042,2026-11-24,Mahindra,Thar,Mumbai,Payment,Abandoned,Call Center
CHK-01920,CUS-01778,VEH-00094,2026-11-24,Tata,Nexon,Gurgaon,Payment,Abandoned,Mobile App
CHK-01921,CUS-00670,VEH-00167,2026-11-24,Maruti Suzuki,Baleno,Gurgaon,Completed,Completed,Call Center
CHK-01922,CUS-01499,VEH-00223,2026-11-24,Kia,Seltos,Gurgaon,Payment,Abandoned,Call Center
CHK-01923,CUS-01629,VEH-00303,2026-11-24,Mahindra,Thar,Ahmedabad,Payment,Payment,Website
CHK-01924,CUS-00685,VEH-00633,2026-11-24,Maruti Suzuki,Brezza,Chennai,Completed,Completed,Walk-in
CHK-01925,CUS-01812,VEH-00042,2026-11-25,Mahindra,Thar,Mumbai,Payment,Payment,Mobile App
CHK-01926,CUS-01756,VEH-00195,2026-11-25,Hyundai,Venue,Pune,Started,Started,Walk-in
CHK-01927,CUS-00672,VEH-00836,2026-11-25,Mahindra,Scorpio-N,Pune,Completed,Completed,Website
CHK-01928,CUS-01819,VEH-00073,2026-11-26,Honda,City,Mumbai,Started,Started,Mobile App
CHK-01929,CUS-00680,VEH-00219,2026-11-27,Tata,Nexon,Pune,Completed,Completed,Walk-in
CHK-01930,CUS-00675,VEH-00298,2026-11-27,Hyundai,Creta,Bengaluru,Completed,Completed,Walk-in
CHK-01931,CUS-01672,VEH-00359,2026-11-28,Mahindra,Thar,Gurgaon,Started,Abandoned,Mobile App
CHK-01932,CUS-01662,VEH-00410,2026-11-28,Hyundai,Creta,Bengaluru,Started,Started,Mobile App
CHK-01933,CUS-01897,VEH-00540,2026-11-28,Maruti Suzuki,Baleno,Bengaluru,Started,Started,Walk-in
CHK-01934,CUS-01665,VEH-00010,2026-11-29,Maruti Suzuki,Swift,Bengaluru,Started,Abandoned,Website
CHK-01935,CUS-01469,VEH-00219,2026-11-29,Tata,Nexon,Pune,Payment,Payment,Mobile App
CHK-01936,CUS-00723,VEH-00382,2026-11-29,Mahindra,Scorpio-N,Delhi,Payment,Payment,Walk-in
CHK-01937,CUS-01982,VEH-00643,2026-11-29,Tata,Punch,Delhi,Payment,Abandoned,Website
CHK-01938,CUS-01814,VEH-00768,2026-11-29,Mahindra,Thar,Chennai,Payment,Abandoned,Website
CHK-01939,CUS-01855,VEH-00776,2026-11-29,Kia,Seltos,Mumbai,Payment,Payment,Call Center
CHK-01940,CUS-00666,VEH-00025,2026-11-30,Skoda,Kushaq,Ahmedabad,Completed,Completed,Call Center
CHK-01941,CUS-01736,VEH-00219,2026-11-30,Tata,Nexon,Pune,Payment,Abandoned,Mobile App
CHK-01942,CUS-00673,VEH-00321,2026-11-30,Maruti Suzuki,Ertiga,Bengaluru,Completed,Completed,Walk-in
CHK-01943,CUS-00694,VEH-00454,2026-11-30,Mahindra,Scorpio-N,Chennai,Completed,Completed,Website
CHK-01944,CUS-01866,VEH-00768,2026-11-30,Mahindra,Thar,Chennai,Payment,Payment,Mobile App
CHK-01945,CUS-00684,VEH-00195,2026-12-01,Hyundai,Venue,Pune,Completed,Completed,Mobile App
CHK-01946,CUS-00711,VEH-00211,2026-12-01,Honda,City,Chennai,Payment,Payment,Mobile App
CHK-01947,CUS-00671,VEH-00563,2026-12-01,Hyundai,Creta,Ahmedabad,Completed,Completed,Walk-in
CHK-01948,CUS-00702,VEH-00053,2026-12-02,Maruti Suzuki,Swift,Delhi,Payment,Payment,Call Center
CHK-01949,CUS-00743,VEH-00662,2026-12-02,Hyundai,i20,Chennai,Started,Started,Walk-in
CHK-01950,CUS-01596,VEH-00401,2026-12-03,Tata,Tiago,Gurgaon,Started,Started,Mobile App
CHK-01951,CUS-01947,VEH-00724,2026-12-03,Tata,Punch,Delhi,Payment,Payment,Mobile App
CHK-01952,CUS-01519,VEH-00766,2026-12-03,Hyundai,Creta,Bengaluru,Started,Started,Call Center
CHK-01953,CUS-01699,VEH-00836,2026-12-03,Mahindra,Scorpio-N,Pune,Started,Started,Mobile App
CHK-01954,CUS-01869,VEH-00553,2026-12-04,Maruti Suzuki,Swift,Pune,Payment,Abandoned,Call Center
CHK-01955,CUS-00679,VEH-00782,2026-12-04,Mahindra,Scorpio-N,Delhi,Completed,Completed,Walk-in
CHK-01956,CUS-00676,VEH-00880,2026-12-04,Kia,Seltos,Ahmedabad,Completed,Completed,Walk-in
CHK-01957,CUS-00690,VEH-00303,2026-12-05,Mahindra,Thar,Ahmedabad,Completed,Completed,Mobile App
CHK-01958,CUS-00695,VEH-00689,2026-12-05,Kia,Seltos,Gurgaon,Completed,Completed,Mobile App
CHK-01959,CUS-01657,VEH-00751,2026-12-05,Tata,Tiago,Hyderabad,Started,Abandoned,Walk-in
CHK-01960,CUS-01921,VEH-00008,2026-12-06,Hyundai,Venue,Bengaluru,Payment,Payment,Website
CHK-01961,CUS-01552,VEH-00768,2026-12-06,Mahindra,Thar,Chennai,Started,Started,Walk-in
CHK-01962,CUS-01887,VEH-00768,2026-12-06,Mahindra,Thar,Chennai,Started,Started,Mobile App
CHK-01963,CUS-01558,VEH-00008,2026-12-07,Hyundai,Venue,Bengaluru,Payment,Payment,Website
CHK-01964,CUS-01508,VEH-00253,2026-12-07,Maruti Suzuki,Ertiga,Gurgaon,Started,Started,Mobile App
CHK-01965,CUS-01794,VEH-00476,2026-12-07,Tata,Tiago,Gurgaon,Payment,Abandoned,Website
CHK-01966,CUS-00686,VEH-00768,2026-12-07,Mahindra,Thar,Chennai,Completed,Completed,Call Center
CHK-01967,CUS-01754,VEH-00768,2026-12-07,Mahindra,Thar,Chennai,Payment,Abandoned,Mobile App
CHK-01968,CUS-01559,VEH-00811,2026-12-07,Honda,City,Delhi,Payment,Abandoned,Website
CHK-01969,CUS-01643,VEH-00815,2026-12-07,Hyundai,Creta,Bengaluru,Payment,Abandoned,Mobile App
CHK-01970,CUS-00732,VEH-00512,2026-12-08,Honda,City,Bengaluru,Payment,Payment,Walk-in
CHK-01971,CUS-00700,VEH-00815,2026-12-08,Hyundai,Creta,Bengaluru,Completed,Completed,Walk-in
CHK-01972,CUS-01771,VEH-00818,2026-12-08,Tata,Tiago,Mumbai,Started,Abandoned,Mobile App
CHK-01973,CUS-01721,VEH-00023,2026-12-09,Tata,Punch,Chennai,Started,Started,Mobile App
CHK-01974,CUS-01911,VEH-00195,2026-12-09,Hyundai,Venue,Pune,Started,Abandoned,Walk-in
CHK-01975,CUS-00687,VEH-00352,2026-12-09,Volkswagen,Virtus,Pune,Completed,Completed,Mobile App
CHK-01976,CUS-00727,VEH-00414,2026-12-09,MG,Hector,Chennai,Payment,Payment,Website
CHK-01977,CUS-00698,VEH-00811,2026-12-09,Honda,City,Delhi,Completed,Completed,Call Center
CHK-01978,CUS-00716,VEH-00340,2026-12-10,Mahindra,XUV700,Mumbai,Payment,Payment,Website
CHK-01979,CUS-01551,VEH-00437,2026-12-10,Tata,Punch,Hyderabad,Started,Started,Website
CHK-01980,CUS-01746,VEH-00689,2026-12-10,Kia,Seltos,Gurgaon,Started,Started,Website
CHK-01981,CUS-01870,VEH-00768,2026-12-10,Mahindra,Thar,Chennai,Payment,Abandoned,Mobile App
CHK-01982,CUS-01904,VEH-00776,2026-12-10,Kia,Seltos,Mumbai,Payment,Payment,Website
CHK-01983,CUS-00719,VEH-00348,2026-12-11,BMW,3 Series,Mumbai,Payment,Payment,Call Center
CHK-01984,CUS-01493,VEH-00631,2026-12-11,Tata,Tiago,Hyderabad,Payment,Abandoned,Mobile App
CHK-01985,CUS-00688,VEH-00746,2026-12-11,Hyundai,Creta,Ahmedabad,Completed,Completed,Mobile App
CHK-01986,CUS-00691,VEH-00660,2026-12-12,Skoda,Kushaq,Bengaluru,Completed,Completed,Walk-in
CHK-01987,CUS-01688,VEH-00768,2026-12-12,Mahindra,Thar,Chennai,Started,Abandoned,Mobile App
CHK-01988,CUS-01946,VEH-00410,2026-12-13,Hyundai,Creta,Bengaluru,Payment,Abandoned,Mobile App
CHK-01989,CUS-00696,VEH-00223,2026-12-14,Kia,Seltos,Gurgaon,Completed,Completed,Call Center
CHK-01990,CUS-01963,VEH-00236,2026-12-14,Kia,Seltos,Delhi,Started,Abandoned,Walk-in
CHK-01991,CUS-01935,VEH-00627,2026-12-14,Tata,Tiago,Chennai,Started,Started,Website
CHK-01992,CUS-00742,VEH-00640,2026-12-14,Toyota,Innova Hycross,Ahmedabad,Started,Started,Mobile App
CHK-01993,CUS-01464,VEH-00184,2026-12-15,Mahindra,Scorpio-N,Ahmedabad,Started,Abandoned,Website
CHK-01994,CUS-00736,VEH-00612,2026-12-15,Maruti Suzuki,Ertiga,Hyderabad,Started,Started,Mobile App
CHK-01995,CUS-01909,VEH-00756,2026-12-16,Tata,Tiago,Ahmedabad,Payment,Abandoned,Website
CHK-01996,CUS-00757,VEH-00926,2026-12-16,Tata,Nexon,Bengaluru,Started,Started,Mobile App
CHK-01997,CUS-00739,VEH-00635,2026-12-17,Maruti Suzuki,Swift,Bengaluru,Started,Started,Walk-in
CHK-01998,CUS-00749,VEH-00743,2026-12-18,Maruti Suzuki,Swift,Chennai,Started,Started,Mobile App
CHK-01999,CUS-01614,VEH-00811,2026-12-18,Honda,City,Delhi,Started,Started,Mobile App
CHK-02000,CUS-01996,VEH-00359,2026-12-20,Mahindra,Thar,Gurgaon,Payment,Payment,Mobile App
